UNITID,institution,state,control_label,net_price,sticker_cost,four_year_cost,enrollment,completion_rate,median_earnings_10yr,median_grad_debt,payback_years,debt_to_earnings
388520,College of Biblical Studies-Houston,TX,Private nonprofit,672.0,11523.0,2688.0,419.0,0.4,39260.0,25570.0,0.0684666327050433,0.6512990320937341
190512,CUNY Bernard M Baruch College,NY,Public,3033.0,14170.0,12132.0,16154.0,0.7212,75971.0,11512.0,0.1596925142488581,0.15153150544286637
190594,CUNY Hunter College,NY,Public,2984.0,13905.0,11936.0,16289.0,0.5686,63163.0,11000.0,0.18897139147918876,0.1741525893323623
190549,CUNY Brooklyn College,NY,Public,3103.0,14151.0,12412.0,10543.0,0.5386,60752.0,11000.0,0.2043060310771662,0.18106399789307348
190637,CUNY Lehman College,NY,Public,3148.0,14121.0,12592.0,10696.0,0.5128,58013.0,10950.0,0.21705479806250325,0.18875079723510246
186131,Princeton University,NJ,Private nonprofit,6128.0,84040.0,24512.0,5709.0,0.9761,110066.0,10320.0,0.22270274199116893,0.09376192466338379
190600,CUNY John Jay College of Criminal Justice,NY,Public,3203.0,14212.0,12812.0,11590.0,0.5583,56195.0,11000.0,0.22799181421834683,0.19574695257585195
190567,CUNY City College,NY,Public,3776.0,14403.0,15104.0,12505.0,0.5682,66039.0,11990.0,0.22871333605899544,0.18155938157755266
190664,CUNY Queens College,NY,Public,4195.0,14367.0,16780.0,12550.0,0.5325,62763.0,10298.0,0.26735497028504057,0.16407756162070009
110592,California State University-Los Angeles,CA,Public,3967.0,18403.0,15868.0,19562.0,0.5298,59211.0,13000.0,0.2679907449629292,0.21955379912516254
484473,University of Florida-Online,FL,Public,4815.0,17843.0,19260.0,4627.0,0.8468,71588.0,15000.0,0.2690395038274571,0.20953232385315976
197027,United States Merchant Marine Academy,NY,Public,6174.0,9168.0,24696.0,962.0,0.8238,90610.0,8833.0,0.2725526983776625,0.09748372144354928
204802,Ohio University-Eastern Campus,OH,Public,3925.0,10777.0,15700.0,298.0,0.2065,52581.0,21056.0,0.2985869420513113,0.4004488313269052
226152,Texas A & M International University,TX,Public,3637.0,15558.0,14548.0,6667.0,0.4647,48386.0,15000.0,0.30066548175091967,0.3100070268259414
110510,California State University-San Bernardino,CA,Public,4564.0,17427.0,18256.0,15023.0,0.549,59977.0,14715.0,0.304383346949664,0.24534404855194492
190691,CUNY York College,NY,Public,4456.0,14330.0,17824.0,4345.0,0.3225,56945.0,11000.0,0.31300377557292125,0.1931688471331987
151333,Indiana University-Kokomo,IN,Public,3968.0,11837.0,15872.0,2352.0,0.4561,49917.0,16961.0,0.31796782659214295,0.3397840415089048
134130,University of Florida,FL,Public,6541.0,22523.0,26164.0,35629.0,0.9112,71588.0,15000.0,0.36548024808627144,0.20953232385315976
110486,California State University-Bakersfield,CA,Public,5652.0,19522.0,22608.0,8577.0,0.498,59009.0,16600.0,0.38312799742412174,0.2813130200477893
110495,California State University-Stanislaus,CA,Public,6067.0,19739.0,24268.0,8385.0,0.5345,63188.0,13540.0,0.3840602646072039,0.21428119263151232
227368,The University of Texas Rio Grande Valley,TX,Public,4831.0,16830.0,19324.0,28666.0,0.509,49620.0,12950.0,0.3894397420395002,0.26098347440548164
190655,CUNY New York City College of Technology,NY,Public,5127.0,14110.0,20508.0,13580.0,0.2147,49365.0,10533.0,0.41543603767851717,0.21336979641446369
110565,California State University-Fullerton,CA,Public,6555.0,18269.0,26220.0,38546.0,0.7018,62951.0,13750.0,0.4165144318597004,0.2184238534733364
190558,College of Staten Island CUNY,NY,Public,5579.0,14795.0,22316.0,9657.0,0.3393,53501.0,14350.0,0.41711369880936805,0.26821928562082953
204848,Ohio University-Lancaster Campus,OH,Public,5650.0,10984.0,22600.0,691.0,0.1441,52581.0,21056.0,0.42981305034137807,0.4004488313269052
243744,Stanford University,CA,Private nonprofit,13807.0,87833.0,55228.0,7554.0,0.9192,124080.0,12000.0,0.44509993552546745,0.09671179883945841
110556,California State University-Fresno,CA,Public,7000.0,20095.0,28000.0,21605.0,0.5696,61244.0,14505.0,0.4571876428711384,0.23683952713735223
139755,Georgia Institute of Technology-Main Campus,GA,Public,12116.0,28167.0,48464.0,18785.0,0.9402,102772.0,21672.0,0.47156813139765696,0.21087455727240884
151360,Indiana University-Northwest,IN,Public,5130.0,13989.0,20520.0,2661.0,0.3738,43361.0,21710.0,0.47323631835059154,0.5006803348631258
110608,California State University-Northridge,CA,Public,7021.0,20485.0,28084.0,32691.0,0.5695,59115.0,13872.0,0.4750740082889284,0.2346612534889622
190646,CUNY Medgar Evers College,NY,Public,5718.0,14771.0,22872.0,3233.0,0.1977,46498.0,10988.0,0.491892124392447,0.23631123919308358
139463,Dalton State College,GA,Public,5012.0,12719.0,20048.0,4553.0,0.2531,40251.0,12937.0,0.4980745819979628,0.3214081637723286
490805,Purdue University Northwest,IN,Public,6079.0,15571.0,24316.0,5671.0,0.4291,48318.0,21229.0,0.5032493066766008,0.43936007285069745
187648,Eastern New Mexico University-Main Campus,NM,Public,4904.0,18940.0,19616.0,3357.0,0.4509,38550.0,16500.0,0.5088456549935149,0.4280155642023346
187967,New Mexico Institute of Mining and Technology,NM,Public,9873.0,24967.0,39492.0,995.0,0.5705,76489.0,19085.0,0.5163095347043366,0.24951300186954986
200846,University of Akron Wayne College,OH,Public,6032.0,15993.0,24128.0,457.0,0.1852,46600.0,23250.0,0.5177682403433477,0.4989270386266094
377564,University of Washington-Tacoma Campus,WA,Public,10163.0,25346.0,40652.0,4185.0,0.6324,78466.0,14615.0,0.5180842657966508,0.18625901664415162
110574,California State University-East Bay,CA,Public,9320.0,22850.0,37280.0,9809.0,0.4795,71401.0,16544.0,0.5221215389140208,0.2317054382991835
171146,University of Michigan-Flint,MI,Public,7007.0,20915.0,28028.0,4411.0,0.4031,53230.0,25000.0,0.5265451812887469,0.4696599661844824
442569,University of Arkansas Grantham,AR,Public,8370.0,15318.0,33480.0,2833.0,0.4304,63496.0,21956.0,0.527277308806854,0.3457855612951997
204176,Mount Carmel College of Nursing,OH,Private nonprofit,10420.0,21446.0,41680.0,532.0,0.5385,75103.0,22082.0,0.5549711729225197,0.29402287525132154
166683,Massachusetts Institute of Technology,MA,Private nonprofit,20111.0,82730.0,80444.0,4535.0,0.9641,143372.0,14768.0,0.5610858466088218,0.10300477080601513
115773,Humphreys University,CA,Private nonprofit,5524.0,20918.0,22096.0,149.0,0.6154,39248.0,35500.0,0.5629841011006931,0.9045046881369752
156295,Berea College,KY,Private nonprofit,6106.0,60718.0,24424.0,1513.0,0.5822,43150.0,3591.0,0.5660254924681344,0.08322132097334878
110617,California State University-Sacramento,CA,Public,9338.0,22945.0,37352.0,28350.0,0.5629,64876.0,15000.0,0.5757444971946483,0.2312103088969727
206491,Wilberforce University,OH,Private nonprofit,5567.0,25676.0,22268.0,822.0,0.1202,38298.0,26468.0,0.5814402840879419,0.6911065852002716
110635,University of California-Berkeley,CA,Public,13481.0,45619.0,53924.0,33068.0,0.9284,92446.0,13000.0,0.5833026848105921,0.14062263375375894
161235,University of Maine at Fort Kent,ME,Public,7482.0,18703.0,29928.0,599.0,0.3944,51077.0,20160.0,0.5859388765980774,0.39469820075572176
110680,University of California-San Diego,CA,Public,12470.0,38701.0,49880.0,34948.0,0.8605,84943.0,15500.0,0.5872173104317012,0.18247530697055672
436818,University of Connecticut-Waterbury Campus,CT,Public,10875.0,22933.0,43500.0,733.0,0.5273,73997.0,21500.0,0.5878616700677054,0.29055231968863604
159416,Louisiana State University-Shreveport,LA,Public,7022.0,19461.0,28088.0,2153.0,0.3754,47477.0,22500.0,0.5916127809255007,0.4739136845209259
225502,Texas A&M University-Victoria,TX,Public,8109.0,21401.0,32436.0,2513.0,0.2638,54467.0,18973.0,0.5955165513062955,0.34833936144821637
227757,Rice University,TX,Private nonprofit,13370.0,79788.0,53480.0,4776.0,0.9464,89718.0,11000.0,0.5960899707973873,0.12260638890746561
262129,New College of Florida,FL,Public,7195.0,24449.0,28780.0,843.0,0.6667,48082.0,17375.0,0.5985607919803668,0.361361840189676
183071,University of New Hampshire at Manchester,NH,Public,9992.0,20020.0,39968.0,443.0,0.5,66479.0,26814.0,0.601212412942433,0.4033454173498398
110547,California State University-Dominguez Hills,CA,Public,8615.0,23191.0,34460.0,12538.0,0.4279,57162.0,13807.0,0.6028480459046219,0.24154158356950423
110662,University of California-Los Angeles,CA,Public,12548.0,38614.0,50192.0,33475.0,0.9262,82511.0,14000.0,0.6083067712183831,0.16967434645077625
133951,Florida International University,FL,Public,9288.0,21462.0,37152.0,39508.0,0.7443,60249.0,16500.0,0.6166409400985908,0.27386346661355376
133669,Florida Atlantic University,FL,Public,8752.0,21522.0,35008.0,23757.0,0.6257,56746.0,17236.0,0.6169245409368062,0.30373947062348006
219639,Baptist Health Sciences University,TN,Private nonprofit,11212.0,22227.0,44848.0,770.0,0.398,72529.0,29500.0,0.618345765142219,0.4067338581808656
171571,Oakland University,MI,Public,9120.0,25182.0,36480.0,12351.0,0.5756,58612.0,22750.0,0.6223981437248345,0.3881457721968198
196042,Farmingdale State College,NY,Public,10867.0,18966.0,43468.0,9552.0,0.5278,69781.0,14718.0,0.6229202791590834,0.21091701179404135
377555,University of Washington-Bothell Campus,WA,Public,12319.0,26908.0,49276.0,5457.0,0.6532,78466.0,14615.0,0.6279917416460633,0.18625901664415162
170976,University of Michigan-Ann Arbor,MI,Public,13138.0,34654.0,52552.0,34177.0,0.932,83648.0,19500.0,0.6282517214996175,0.23311973986228002
169910,Ferris State University,MI,Public,8624.0,27048.0,34496.0,8106.0,0.4687,54735.0,21000.0,0.6302365945007765,0.3836667580158948
207722,University of Science and Arts of Oklahoma,OK,Public,6624.0,20662.0,26496.0,941.0,0.4413,41913.0,21750.0,0.6321666308782478,0.5189320735809891
190372,The Cooper Union for the Advancement of Science and Art,NY,Private nonprofit,13269.0,64190.0,53076.0,842.0,0.8111,83847.0,15000.0,0.6330101255858885,0.17889727718344126
441937,California State University-Channel Islands,CA,Public,9849.0,23561.0,39396.0,5013.0,0.5132,62152.0,15000.0,0.6338653623374951,0.24134380229115715
198507,Elizabeth City State University,NC,Public,6364.0,17701.0,25456.0,1975.0,0.4351,40026.0,21463.0,0.6359866087043422,0.5362264528056763
171137,University of Michigan-Dearborn,MI,Public,9492.0,24040.0,37968.0,5952.0,0.5798,59649.0,22500.0,0.6365236634310718,0.3772066589548861
145600,University of Illinois Chicago,IL,Public,10974.0,27521.0,43896.0,22170.0,0.6162,68740.0,16704.0,0.638580157113762,0.24300261856270003
110529,California State Polytechnic University-Pomona,CA,Public,11531.0,23955.0,46124.0,25042.0,0.6843,71902.0,16000.0,0.6414842424411004,0.22252510361325137
199120,University of North Carolina at Chapel Hill,NC,Public,11655.0,26055.0,46620.0,20752.0,0.9117,72200.0,14000.0,0.6457063711911357,0.19390581717451524
144050,University of Chicago,IL,Private nonprofit,14860.0,90360.0,59440.0,7569.0,0.9585,91885.0,15000.0,0.6468955759917288,0.1632475376829733
237525,Marshall University,WV,Public,7502.0,22022.0,30008.0,7266.0,0.5123,46354.0,23250.0,0.6473659231134314,0.5015748371230099
110583,California State University-Long Beach,CA,Public,10440.0,22679.0,41760.0,35924.0,0.6888,64403.0,14289.0,0.6484169992081115,0.22186854649628124
366711,California State University-San Marcos,CA,Public,10229.0,21649.0,40916.0,14877.0,0.5456,62908.0,17350.0,0.6504101227188911,0.27579958033954344
157447,Northern Kentucky University,KY,Public,8191.0,19725.0,32764.0,8246.0,0.5224,50220.0,23000.0,0.6524093986459578,0.45798486658701715
183257,University of New Hampshire College of Professional Studies Online,NH,Public,10864.0,15451.0,43456.0,1157.0,0.2955,66479.0,26814.0,0.6536801095082657,0.4033454173498398
209807,Portland State University,OR,Public,9552.0,21590.0,38208.0,13182.0,0.5266,57906.0,20500.0,0.6598279970987463,0.3540220357130522
207351,Oklahoma Panhandle State University,OK,Public,7413.0,15055.0,29652.0,917.0,0.2094,44933.0,12500.0,0.6599158747468453,0.27819197471791335
151379,Indiana University-Southeast,IN,Public,7888.0,16411.0,31552.0,3170.0,0.3919,47596.0,19684.0,0.6629128498193125,0.41356416505588706
237950,West Virginia University Institute of Technology,WV,Public,9337.0,18907.0,37348.0,981.0,0.3296,55939.0,22500.0,0.6676558393964854,0.40222385098053237
159382,Louisiana State University at Alexandria,LA,Public,7065.0,15550.0,28260.0,5632.0,0.3422,42205.0,19000.0,0.6695889112664376,0.4501836275322829
217420,Rhode Island College,RI,Public,9478.0,17454.0,37912.0,5049.0,0.4813,56318.0,20500.0,0.6731773145353173,0.36400440356546754
137351,University of South Florida,FL,Public,9812.0,22859.0,39248.0,37207.0,0.7676,57743.0,17988.0,0.6797014356718564,0.31151827927194636
139311,Clayton  State University,GA,Public,8365.0,17415.0,33460.0,4348.0,0.3986,49179.0,25706.0,0.6803717033693243,0.522702779641717
219833,Christian Brothers University,TN,Private nonprofit,9854.0,48038.0,39416.0,905.0,0.5471,57478.0,27000.0,0.6857580291589825,0.4697449458923414
161341,University of Maine at Presque Isle,ME,Public,7035.0,19113.0,28140.0,1913.0,0.5155,40956.0,16000.0,0.6870788162906534,0.39066315069831037
148654,University of Illinois Springfield,IL,Public,9833.0,25521.0,39332.0,2263.0,0.5321,57103.0,19128.0,0.6887904313258498,0.33497364411677144
151388,Indiana University-East,IN,Public,8134.0,16954.0,32536.0,2589.0,0.3958,47156.0,18000.0,0.689965221816948,0.381711765204852
131876,Trinity Washington University,DC,Private nonprofit,9302.0,33903.0,37208.0,1414.0,0.4929,53804.0,28250.0,0.6915470968701212,0.5250538993383391
221999,Vanderbilt University,TN,Private nonprofit,15846.0,89590.0,63384.0,7208.0,0.9354,91565.0,14000.0,0.6922295636979195,0.15289684923278546
174251,University of Minnesota-Morris,MN,Public,8837.0,27039.0,35348.0,936.0,0.625,50919.0,18995.0,0.6942005930988433,0.3730434611834482
161004,Bowdoin College,ME,Private nonprofit,14398.0,85100.0,57592.0,1873.0,0.9528,82735.0,18500.0,0.6961020124493866,0.22360548739952862
122755,San Jose State University,CA,Public,13760.0,26593.0,55040.0,27601.0,0.6922,78988.0,15000.0,0.6968147060312959,0.18990226363498253
110653,University of California-Irvine,CA,Public,14251.0,38632.0,57004.0,30197.0,0.8687,80735.0,15000.0,0.7060630457670155,0.1857930265684028
145637,University of Illinois Urbana-Champaign,IL,Public,14355.0,33642.0,57420.0,36258.0,0.8513,81054.0,19500.0,0.7084166111481235,0.24058035383818197
207847,Southeastern Oklahoma State University,OK,Public,8039.0,18594.0,32156.0,3018.0,0.3154,45079.0,17000.0,0.7133254952416869,0.3771157301626034
132903,University of Central Florida,FL,Public,10411.0,23133.0,41644.0,59146.0,0.7801,58308.0,18190.0,0.7142073128901695,0.3119640529601427
236948,University of Washington-Seattle Campus,WA,Public,14091.0,32446.0,56364.0,31942.0,0.8518,78466.0,14615.0,0.7183238600158031,0.18625901664415162
136172,University of North Florida,FL,Public,10154.0,20983.0,40616.0,13359.0,0.6921,56343.0,15531.0,0.7208703831886836,0.2756509238059741
122597,San Francisco State University,CA,Public,12278.0,26488.0,49112.0,18639.0,0.5037,68077.0,15371.0,0.721418393877521,0.2257884454367848
128106,Colorado State University Pueblo,CO,Public,10051.0,23937.0,40204.0,3042.0,0.3973,55563.0,21500.0,0.7235750409445134,0.38694814894804097
443562,Dewey University-Hato Rey,PR,Private nonprofit,3577.0,11993.0,14308.0,244.0,0.537,19761.0,5185.0,0.7240524264966348,0.2623855068063357
171128,Michigan Technological University,MI,Public,14182.0,34152.0,56728.0,5955.0,0.6806,78198.0,24990.0,0.7254405483516202,0.31957339062380113
110644,University of California-Davis,CA,Public,14741.0,41238.0,58964.0,32253.0,0.8567,80838.0,13000.0,0.7294094361562632,0.16081545807664713
134097,Florida State University,FL,Public,11297.0,25720.0,45188.0,32212.0,0.8561,61675.0,18000.0,0.7326793676530199,0.2918524523713012
110422,California Polytechnic State University-San Luis Obispo,CA,Public,16665.0,32265.0,66660.0,21996.0,0.864,90768.0,18500.0,0.7343997884717081,0.20381632293319232
228796,The University of Texas at El Paso,TX,Public,9403.0,19836.0,37612.0,21005.0,0.5017,50923.0,18000.0,0.7386053453252951,0.35347485419162267
126562,University of Colorado Denver/Anschutz Medical Campus,CO,Public,11900.0,24902.0,47600.0,10519.0,0.4615,64270.0,20500.0,0.7406254862299674,0.3189668585654271
440794,Pillar College,NJ,Private nonprofit,8470.0,38047.0,33880.0,498.0,0.3846,45577.0,21483.0,0.7433573951773921,0.47135616648748274
445188,University of California-Merced,CA,Public,11983.0,39665.0,47932.0,8372.0,0.6872,64368.0,16144.0,0.7446557295550584,0.25080785483470047
436827,University of Connecticut-Avery Point,CT,Public,13807.0,23337.0,55228.0,454.0,0.6162,73997.0,21500.0,0.7463545819425111,0.29055231968863604
148627,Saint Xavier University,IL,Private nonprofit,10970.0,43244.0,43880.0,3096.0,0.5661,58656.0,22223.0,0.7480905619203492,0.37887002182214946
166027,Harvard University,MA,Private nonprofit,19066.0,85540.0,76264.0,7601.0,0.9758,101817.0,14000.0,0.7490301226710667,0.13750159600066786
182281,University of Nevada-Las Vegas,NV,Public,10359.0,19638.0,41436.0,24622.0,0.5051,55037.0,19450.0,0.7528753384087069,0.353398622744699
226091,Lamar University,TX,Public,9366.0,22254.0,37464.0,8150.0,0.3732,49652.0,21250.0,0.7545315395150246,0.42797873197454284
163286,University of Maryland-College Park,MD,Public,15678.0,29299.0,62712.0,30760.0,0.8859,82860.0,19000.0,0.756842867487328,0.2293024378469708
229027,The University of Texas at San Antonio,TX,Public,10836.0,22352.0,43344.0,30580.0,0.5264,57131.0,20500.0,0.7586774255658049,0.3588244560746355
138354,University of West Florida,FL,Public,9364.0,19947.0,37456.0,9330.0,0.588,49137.0,16624.0,0.7622768992816005,0.3383193927183182
156356,Brescia University,KY,Private nonprofit,8709.0,44328.0,34836.0,545.0,0.5371,45500.0,29430.0,0.7656263736263736,0.6468131868131868
151342,Indiana University-South Bend,IN,Public,8653.0,17364.0,34612.0,3933.0,0.4009,44947.0,21355.0,0.7700625180768461,0.475115135604156
237367,Fairmont State University,WV,Public,9032.0,20018.0,36128.0,2590.0,0.4425,46857.0,21000.0,0.7710267409351858,0.4481720980856649
196237,SUNY Old Westbury,NY,Public,11282.0,21287.0,45128.0,4162.0,0.4457,58526.0,14997.0,0.771076102928613,0.25624508765335063
241225,Universidad Central de Bayamon,PR,Private nonprofit,4827.0,12976.0,19308.0,539.0,0.3438,25021.0,9393.0,0.771671795691619,0.37540466008552814
243665,University of the Virgin Islands,VI,Public,7469.0,17771.0,29876.0,1518.0,0.2823,38681.0,16800.0,0.772368863266203,0.43432176003722756
207041,East Central University,OK,Public,8683.0,18459.0,34732.0,2467.0,0.3442,44962.0,17671.0,0.7724745340509763,0.3930207730972822
441982,Franklin W Olin College of Engineering,MA,Private nonprofit,25171.0,86474.0,100684.0,377.0,0.9639,129455.0,19500.0,0.7777528871036268,0.15063149356919392
148496,Dominican University,IL,Private nonprofit,11745.0,43891.0,46980.0,2561.0,0.5526,60327.0,24411.0,0.778755780993585,0.40464468645879953
123572,Sonoma State University,CA,Public,12885.0,24648.0,51540.0,5166.0,0.5759,65986.0,16705.0,0.7810747734367897,0.2531597611614585
138558,Abraham Baldwin Agricultural College,GA,Public,6842.0,13956.0,27368.0,3208.0,0.3615,34996.0,16750.0,0.7820322322551149,0.4786261287004229
185828,New Jersey Institute of Technology,NJ,Public,16504.0,32859.0,66016.0,9019.0,0.7276,84276.0,21000.0,0.7833309601784613,0.24918126156913
482680,University of North Georgia,GA,Public,9823.0,18177.0,39292.0,16146.0,0.3729,50135.0,17750.0,0.7837239453475616,0.3540440809813504
204015,Miami University-Middletown,OH,Public,10809.0,14890.0,43236.0,837.0,0.3175,55076.0,23000.0,0.7850243300167042,0.4176047643256591
178411,Missouri University of Science and Technology,MO,Public,16298.0,29231.0,65192.0,5521.0,0.6437,82957.0,23250.0,0.7858529117494606,0.28026567981002204
198543,Fayetteville State University,NC,Public,7892.0,16652.0,31568.0,5762.0,0.3846,40144.0,22987.0,0.7863690713431646,0.5726135910721403
225432,University of Houston-Downtown,TX,Public,10542.0,20749.0,42168.0,12555.0,0.332,53551.0,18750.0,0.7874362756998002,0.350133517581371
141981,University of Hawaii-West Oahu,HI,Public,10327.0,18410.0,41308.0,2519.0,0.4955,52075.0,14500.0,0.7932405184829573,0.2784445511281805
456959,University of Minnesota-Rochester,MN,Public,13744.0,28904.0,54976.0,568.0,0.574,69020.0,19500.0,0.7965227470298464,0.28252680382497825
220604,Le Moyne-Owen College,TN,Private nonprofit,7099.0,19001.0,28396.0,581.0,0.2703,35594.0,28070.0,0.797774905883014,0.7886160588863291
168342,Williams College,MA,Private nonprofit,17716.0,84860.0,70864.0,2076.0,0.9361,88665.0,12761.0,0.7992330682907574,0.1439237579653753
174817,Saint Mary's University of Minnesota,MN,Private nonprofit,11704.0,57380.0,46816.0,1073.0,0.6601,58170.0,21500.0,0.8048134777376654,0.36960632628502665
243780,Purdue University-Main Campus,IN,Public,14600.0,24591.0,58400.0,44503.0,0.831,72424.0,19500.0,0.8063625317574284,0.26924776317242904
139959,University of Georgia,GA,Public,13936.0,27993.0,55744.0,32137.0,0.8969,68726.0,18500.0,0.8111049675523092,0.26918487908506245
233897,University of Virginia's College at Wise,VA,Public,9210.0,26593.0,36840.0,1101.0,0.4706,45325.0,16750.0,0.8127964699393271,0.3695532266960838
157401,Murray State University,KY,Public,9096.0,23485.0,36384.0,6688.0,0.6132,44737.0,20500.0,0.8132865413416188,0.4582336768223171
148584,University of St Francis,IL,Private nonprofit,13006.0,46239.0,52024.0,1223.0,0.6682,63926.0,21079.0,0.8138159747207709,0.32974063761223915
204006,Miami University-Hamilton,OH,Public,11286.0,15352.0,45144.0,2043.0,0.2494,55076.0,23000.0,0.8196673687268502,0.4176047643256591
230038,Brigham Young University,UT,Private nonprofit,15564.0,22690.0,62256.0,32952.0,0.8098,75790.0,11069.0,0.8214276289747988,0.1460482913313102
459949,Texas A&M University-San Antonio,TX,Public,11196.0,21655.0,44784.0,6599.0,0.4017,54338.0,18401.0,0.8241746107696272,0.33863962604438885
433387,Western Governors University,UT,Private nonprofit,12548.0,16728.0,50192.0,155088.0,0.4618,60615.0,11116.0,0.8280458632351728,0.18338695042481234
172051,Saginaw Valley State University,MI,Public,10775.0,24936.0,43100.0,5989.0,0.4825,51955.0,25000.0,0.8295640458088731,0.48118564142046
230603,Southern Utah University,UT,Public,10462.0,19416.0,41848.0,9289.0,0.6067,50296.0,12500.0,0.8320343566088755,0.24852871003658342
226833,Midwestern State University,TX,Public,11656.0,22652.0,46624.0,4087.0,0.4274,55747.0,21030.0,0.8363499381132617,0.37724003085367824
174075,University of Minnesota-Crookston,MN,Public,12212.0,26068.0,48848.0,1729.0,0.4976,58056.0,20500.0,0.8413945156400716,0.3531073446327684
190150,Columbia University in the City of New York,NY,Private nonprofit,21590.0,89472.0,86360.0,8973.0,0.961,102491.0,21500.0,0.8426105706842552,0.2097745167868398
186432,Saint Peter's University,NJ,Private nonprofit,12199.0,50272.0,48796.0,2135.0,0.5826,57815.0,20500.0,0.8440024215169074,0.35457926143734325
212984,Holy Family University,PA,Private nonprofit,13143.0,40539.0,52572.0,2464.0,0.6091,62235.0,25125.0,0.8447336707640395,0.4037117377681369
110671,University of California-Riverside,CA,Public,14304.0,38942.0,57216.0,22593.0,0.7596,67699.0,17500.0,0.8451528087564071,0.2584971713023826
151111,Indiana University-Indianapolis,IN,Public,11668.0,23316.0,46672.0,13830.0,0.5445,55198.0,20000.0,0.8455378818073118,0.3623319685495851
229179,Texas Woman's University,TX,Public,11963.0,22234.0,47852.0,8767.0,0.4906,56544.0,19218.0,0.8462790039615167,0.33987691001697795
145336,Governors State University,IL,Public,12329.0,24227.0,49316.0,2556.0,0.2211,58169.0,18618.0,0.8478055321563032,0.32006738984682565
161086,Colby College,ME,Private nonprofit,17180.0,85420.0,68720.0,2407.0,0.8879,80490.0,19157.0,0.8537706547397192,0.2380047210833644
198385,Davidson College,NC,Private nonprofit,17379.0,79475.0,69516.0,1867.0,0.9107,81400.0,18688.0,0.854004914004914,0.22958230958230957
229887,Wiley University,TX,Private nonprofit,7092.0,19097.0,28368.0,712.0,0.2424,33159.0,24989.0,0.8555143399981905,0.7536113875569227
139968,Gordon State College,GA,Public,8105.0,14771.0,32420.0,2544.0,0.2043,37871.0,17500.0,0.8560640067597898,0.4620950067333844
204671,Ohio State University-Lima Campus,OH,Public,12940.0,19487.0,51760.0,621.0,0.2271,60409.0,19976.0,0.8568259696402853,0.3306792034299525
169716,University of Detroit Mercy,MI,Private nonprofit,15232.0,42211.0,60928.0,2438.0,0.672,71030.0,23250.0,0.8577784034914825,0.32732648176826695
162283,Coppin State University,MD,Public,9977.0,23748.0,39908.0,1844.0,0.2622,46490.0,25000.0,0.8584211658421166,0.5377500537750054
162928,Johns Hopkins University,MD,Private nonprofit,18809.0,85947.0,75236.0,5693.0,0.9378,87555.0,10250.0,0.8592998686539889,0.11706927074410371
476975,Colorado State University Global,CO,Public,16510.0,21201.0,66040.0,6563.0,,76813.0,25000.0,0.8597503026831396,0.32546574147605223
110705,University of California-Santa Barbara,CA,Public,16109.0,41573.0,64436.0,23113.0,0.8303,74915.0,13993.0,0.8601214710004672,0.18678502302609623
140960,Savannah State University,GA,Public,8172.0,17191.0,32688.0,2833.0,0.2804,37981.0,28000.0,0.8606408467391591,0.7372107106184671
196264,Empire State University,NY,Public,11676.0,19699.0,46704.0,7585.0,0.4123,54080.0,18730.0,0.8636094674556213,0.3463387573964497
196130,SUNY Buffalo State University,NY,Public,11346.0,24279.0,45384.0,5097.0,0.3331,52334.0,21028.0,0.8671991439599496,0.40180379867772387
111188,Cal Poly Maritime Academy,CA,Public,20555.0,29853.0,82220.0,804.0,0.5972,94784.0,24965.0,0.8674459824442944,0.2633883355840648
236939,Washington State University,WA,Public,14971.0,27648.0,59884.0,21099.0,0.605,68905.0,19500.0,0.8690806182425078,0.28299833103548366
209506,Oregon Institute of Technology,OR,Public,15706.0,27524.0,62824.0,2892.0,0.5378,72273.0,22500.0,0.8692596128568069,0.3113195799261135
363907,Caribbean University-Ponce,PR,Private nonprofit,4964.0,10000.0,19856.0,414.0,0.3667,22842.0,10500.0,0.8692758952806234,0.4596795376937221
185262,Kean University,NJ,Public,12447.0,26949.0,49788.0,11433.0,0.4657,57237.0,23250.0,0.8698569107395566,0.40620577598406626
188304,Western New Mexico University,NM,Public,8522.0,21562.0,34088.0,2026.0,0.3223,39095.0,23000.0,0.8719273564394424,0.5883105256426653
219602,Austin Peay State University,TN,Public,9735.0,22233.0,38940.0,7560.0,0.4024,44301.0,20547.0,0.8789869303176,0.4638044287939324
196112,SUNY Polytechnic Institute,NY,Public,14164.0,23741.0,56656.0,1849.0,0.5508,64355.0,17250.0,0.8803667158728925,0.268044440991376
168430,Worcester State University,MA,Public,13381.0,22874.0,53524.0,3930.0,0.6145,60624.0,19500.0,0.8828846661388229,0.3216547901821061
228769,The University of Texas at Arlington,TX,Public,13951.0,25261.0,55804.0,32294.0,0.5402,63199.0,17527.0,0.8829886548837798,0.27733033750534025
157058,Kentucky State University,KY,Public,8040.0,21727.0,32160.0,1309.0,0.319,36382.0,25938.0,0.8839536034302677,0.7129349678412402
234085,Virginia Military Institute,VA,Public,17113.0,34824.0,68452.0,1527.0,0.7621,77369.0,22996.0,0.8847471209399114,0.2972249867517998
463056,University of Connecticut-Hartford Campus,CT,Public,16403.0,26946.0,65612.0,1525.0,0.6505,73997.0,21500.0,0.886684595321432,0.29055231968863604
141264,Valdosta State University,GA,Public,10945.0,20801.0,43780.0,6622.0,0.4236,49361.0,24779.0,0.8869350296793015,0.5019955025222341
426314,Embry-Riddle Aeronautical University-Worldwide,FL,Private nonprofit,18725.0,24878.0,74900.0,9139.0,0.2055,84131.0,23666.0,0.8902782565285091,0.2812994021228798
102614,University of Alaska Fairbanks,AK,Public,10892.0,22407.0,43568.0,4207.0,0.3801,48866.0,20291.0,0.8915810584046167,0.4152375885073466
145725,Illinois Institute of Technology,IL,Private nonprofit,18425.0,68164.0,73700.0,2833.0,0.7521,82592.0,25000.0,0.8923382409918637,0.30269275474622237
178402,University of Missouri-Kansas City,MO,Public,13310.0,25320.0,53240.0,6817.0,0.5546,59637.0,18750.0,0.8927343763100088,0.3144021329040696
206613,Wright State University-Lake Campus,OH,Public,11081.0,16340.0,44324.0,892.0,0.4091,49500.0,22750.0,0.8954343434343435,0.4595959595959596
151324,Indiana State University,IN,Public,10873.0,24535.0,43492.0,6188.0,0.4288,48387.0,24000.0,0.8988364643395953,0.496000992001984
200572,Valley City State University,ND,Public,11890.0,20468.0,47560.0,958.0,0.5333,52725.0,20369.0,0.9020388809862494,0.3863252726410621
110538,California State University-Chico,CA,Public,14480.0,26283.0,57920.0,13631.0,0.6278,64172.0,16552.0,0.9025743314841363,0.25793180826528705
161873,University of Baltimore,MD,Public,13868.0,26406.0,55472.0,1133.0,0.3816,61335.0,23250.0,0.9044102062443955,0.3790657862558083
157386,Morehead State University,KY,Public,9793.0,21961.0,39172.0,4578.0,0.5219,43197.0,22250.0,0.9068222330254416,0.5150820658842049
229018,The University of Texas Permian Basin,TX,Public,12723.0,23886.0,50892.0,3911.0,0.3967,56073.0,17750.0,0.9076025894815687,0.316551638043265
159647,Louisiana Tech University,LA,Public,11864.0,24280.0,47456.0,8312.0,0.6382,52279.0,22135.0,0.9077449836454408,0.4234013657491536
436836,University of Connecticut-Stamford,CT,Public,16798.0,30122.0,67192.0,2432.0,0.5654,73997.0,21500.0,0.9080368123032014,0.29055231968863604
178615,Truman State University,MO,Public,12780.0,25115.0,51120.0,2513.0,0.6853,56280.0,21000.0,0.908315565031983,0.373134328358209
188526,Albany College of Pharmacy and Health Sciences,NY,Private nonprofit,29882.0,54899.0,119528.0,481.0,0.6754,131426.0,25500.0,0.9094699678906761,0.19402553528221203
188030,New Mexico State University-Main Campus,NM,Public,8889.0,23274.0,35556.0,11946.0,0.5517,39067.0,17095.0,0.9101287531676351,0.4375815906007628
199148,University of North Carolina at Greensboro,NC,Public,10965.0,21373.0,43860.0,14062.0,0.5631,48160.0,22858.0,0.9107142857142857,0.47462624584717605
207306,Northwestern Oklahoma State University,OK,Public,10104.0,18672.0,40416.0,1498.0,0.3035,44358.0,17355.0,0.9111321520357094,0.3912484782902746
225511,University of Houston,TX,Public,14276.0,26185.0,57104.0,38380.0,0.6456,62377.0,18194.0,0.9154656363723809,0.29167802234798085
363916,Caribbean University-Vega Baja,PR,Private nonprofit,5235.0,9936.0,20940.0,152.0,0.5,22842.0,10500.0,0.9167323351720514,0.4596795376937221
214759,Pennsylvania State University-Penn State Fayette- Eberly,PA,Public,14596.0,25154.0,58384.0,402.0,0.3862,63435.0,25000.0,0.9203751871994955,0.39410420115078426
237792,Shepherd University,WV,Public,11363.0,19601.0,45452.0,2344.0,0.5103,49358.0,21600.0,0.9208638923781353,0.437619028323676
240374,University of Wisconsin-Parkside,WI,Public,11772.0,18199.0,47088.0,2844.0,0.404,51129.0,20492.0,0.9209646189051224,0.4007901582272292
433660,Florida Gulf Coast University,FL,Public,12568.0,20807.0,50272.0,13874.0,0.574,54560.0,17622.0,0.9214076246334311,0.32298387096774195
409698,California State University-Monterey Bay,CA,Public,13663.0,26987.0,54652.0,6819.0,0.5909,59247.0,12750.0,0.9224433304639897,0.21520076965922325
114813,Fresno Pacific University,CA,Private nonprofit,13630.0,44249.0,54520.0,1544.0,0.5,58896.0,23146.0,0.9256995381689759,0.3929978266775333
147703,Northern Illinois University,IL,Public,13391.0,28851.0,53564.0,11301.0,0.4866,57808.0,22162.0,0.9265845557708275,0.3833725435925823
215266,University of Pittsburgh-Bradford,PA,Public,15350.0,30478.0,61400.0,995.0,0.4761,66125.0,24250.0,0.9285444234404537,0.3667296786389414
179265,University of Health Sciences and Pharmacy in St. Louis,MO,Private nonprofit,31817.0,54802.0,127268.0,337.0,0.6168,137047.0,17755.0,0.9286449174370837,0.1295540945806913
196291,SUNY Maritime College,NY,Public,22367.0,29786.0,89468.0,1285.0,0.6439,95951.0,23250.0,0.9324342633219039,0.24231117966462049
237330,Concord University,WV,Public,9966.0,20434.0,39864.0,1504.0,0.3897,42703.0,18900.0,0.9335175514600847,0.4425918553731588
228802,The University of Texas at Tyler,TX,Public,13323.0,24505.0,53292.0,7440.0,0.5413,57053.0,17137.0,0.9340788389742871,0.3003698315601283
241331,Albizu University-San Juan,PR,Private nonprofit,9732.0,18382.0,38928.0,728.0,0.6703,41544.0,5500.0,0.9370306181398036,0.1323897554400154
232186,George Mason University,VA,Public,17915.0,28604.0,71660.0,27752.0,0.6784,76343.0,19500.0,0.9386584231691183,0.2554261687384567
228705,Texas A&M University-Kingsville,TX,Public,12090.0,24060.0,48360.0,4748.0,0.4187,51450.0,22934.0,0.9399416909620991,0.44575315840621965
240444,University of Wisconsin-Madison,WI,Public,17354.0,28679.0,69416.0,36902.0,0.8955,73792.0,20484.0,0.9406981786643539,0.27759106678230705
163268,University of Maryland-Baltimore County,MD,Public,16467.0,28576.0,65868.0,10701.0,0.7001,69960.0,19500.0,0.9415094339622642,0.2787307032590051
224554,East Texas A&M University,TX,Public,11841.0,23438.0,47364.0,9912.0,0.4281,50296.0,20500.0,0.9417051057738189,0.4075870844599968
168740,Andrews University,MI,Private nonprofit,12547.0,45218.0,50188.0,1224.0,0.7153,53187.0,26000.0,0.9436140410250625,0.48884125820219226
199281,University of North Carolina at Pembroke,NC,Public,10260.0,17261.0,41040.0,5330.0,0.4354,43407.0,25000.0,0.9454696247149077,0.5759439721703873
130794,Yale University,CT,Private nonprofit,23777.0,88300.0,95108.0,6758.0,0.9574,100533.0,12975.0,0.9460376194881283,0.12906209901226462
122409,San Diego State University,CA,Public,15364.0,27780.0,61456.0,35377.0,0.7643,64909.0,15000.0,0.9468024465020259,0.23109276063411854
172644,Wayne State University,MI,Public,12766.0,27350.0,51064.0,15587.0,0.5844,53493.0,21250.0,0.9545921896322883,0.39724823808722637
104151,Arizona State University Campus Immersion,AZ,Public,14967.0,30111.0,59868.0,64674.0,0.6804,62668.0,19500.0,0.9553200995723495,0.31116359226399437
149772,Western Illinois University,IL,Public,12937.0,28254.0,51748.0,4410.0,0.4522,54163.0,25251.0,0.95541236637557,0.46620386610785963
240727,University of Wyoming,WY,Public,13599.0,24818.0,54396.0,7944.0,0.5884,56880.0,18000.0,0.9563291139240506,0.31645569620253167
240754,University of Guam,GU,Public,8598.0,14961.0,34392.0,2515.0,0.369,35946.0,16786.0,0.9567684860624269,0.466978245145496
200226,Mayville State University,ND,Public,11456.0,20657.0,45824.0,733.0,0.406,47828.0,18585.0,0.9580998578238689,0.3885799113490006
214883,Peirce College,PA,Private nonprofit,12148.0,18660.0,48592.0,799.0,0.1,50660.0,31250.0,0.9591788393209633,0.6168574812475326
235097,Eastern Washington University,WA,Public,13886.0,24478.0,55544.0,6222.0,0.4349,57897.0,19500.0,0.9593588614263261,0.3368050158039277
156620,Eastern Kentucky University,KY,Public,11040.0,23735.0,44160.0,12318.0,0.5004,45795.0,22500.0,0.9642974123812643,0.491320013101867
230764,University of Utah,UT,Public,16200.0,25557.0,64800.0,27264.0,0.6505,67170.0,19000.0,0.964716391246092,0.28286437397647757
221768,The University of Tennessee-Martin,TN,Public,10701.0,23079.0,42804.0,4866.0,0.5254,44213.0,21024.0,0.9681315450206953,0.47551625087643906
132408,Baptist University of Florida,FL,Private nonprofit,10372.0,23159.0,41488.0,360.0,0.5185,42836.0,23590.0,0.9685311420300682,0.550705014473807
207500,University of Oklahoma-Norman Campus,OK,Public,15300.0,28872.0,61200.0,22734.0,0.7533,63126.0,20654.0,0.9694895922440833,0.3271868960491715
174783,Saint Cloud State University,MN,Public,13529.0,21116.0,54116.0,5088.0,0.4032,55813.0,21058.0,0.9695948972461613,0.3772956121333739
174066,University of Minnesota-Twin Cities,MN,Public,16778.0,30061.0,67112.0,31855.0,0.8528,69020.0,19500.0,0.9723558388872791,0.28252680382497825
168546,Albion College,MI,Private nonprofit,14301.0,69986.0,57204.0,1300.0,0.6159,58799.0,27000.0,0.9728736883280328,0.45919148284834777
130943,University of Delaware,DE,Public,17799.0,30952.0,71196.0,19071.0,0.8055,72950.0,24572.0,0.9759561343385881,0.3368334475668266
199102,North Carolina A & T State University,NC,Public,10846.0,20427.0,43384.0,12182.0,0.5718,44440.0,27000.0,0.9762376237623762,0.6075607560756076
207971,University of Tulsa,OK,Private nonprofit,15000.0,64459.0,60000.0,2813.0,0.7229,61408.0,21500.0,0.9770713913496613,0.35011724856696197
214786,Pennsylvania State University-Penn State Greater Allegheny,PA,Public,15521.0,26214.0,62084.0,349.0,0.1897,63435.0,25000.0,0.9787026089698116,0.39410420115078426
200253,Minot State University,ND,Public,12703.0,19339.0,50812.0,2062.0,0.4505,51759.0,19609.0,0.9817036650630808,0.37885198709403195
144892,Eastern Illinois University,IL,Public,12786.0,26996.0,51144.0,4188.0,0.4736,51989.0,21500.0,0.9837465617726827,0.4135490199849968
128780,Charter Oak State College,CT,Public,15815.0,23210.0,63260.0,1821.0,0.6667,64209.0,18683.0,0.9852201404787491,0.29097167063807255
240426,University of Wisconsin-Superior,WI,Public,12220.0,19860.0,48880.0,1807.0,0.4188,49606.0,22500.0,0.9853646736281901,0.4535741644155949
139764,Georgia Southwestern State University,GA,Public,12019.0,20484.0,48076.0,2424.0,0.4064,48757.0,18851.0,0.9860327747810571,0.3866316631458047
243133,University of Puerto Rico,PR,Public,8484.0,12501.0,33936.0,2851.0,0.3706,34409.0,5500.0,0.9862535964427911,0.1598419018280101
181534,Peru State College,NE,Public,11632.0,22240.0,46528.0,1092.0,0.3761,47071.0,21875.0,0.988464234879225,0.46472350279365215
141565,University of Hawaii at Hilo,HI,Public,11856.0,21173.0,47424.0,2160.0,0.4837,47856.0,20500.0,0.9909729187562688,0.4283684386492812
121345,Pomona College,CA,Private nonprofit,19285.0,85300.0,77140.0,1666.0,0.932,77779.0,11782.0,0.9917844148163386,0.15148047673536558
234076,University of Virginia-Main Campus,VA,Public,21565.0,39926.0,86260.0,17597.0,0.956,86863.0,17500.0,0.9930580339154761,0.20146667741155613
149222,Southern Illinois University-Carbondale,IL,Public,13297.0,28329.0,53188.0,8494.0,0.6241,53390.0,21543.0,0.9962165199475557,0.4035025285634014
181394,University of Nebraska at Omaha,NE,Public,13441.0,21120.0,53764.0,11488.0,0.4708,53909.0,19000.0,0.9973102821421284,0.35244578827283013
200332,North Dakota State University-Main Campus,ND,Public,15543.0,23716.0,62172.0,9471.0,0.6389,62203.0,23199.0,0.9995016317540955,0.3729562882819157
157951,Western Kentucky University,KY,Public,10990.0,24188.0,43960.0,12155.0,0.5556,43889.0,22095.0,1.0016177174235001,0.5034291052427715
234207,Washington and Lee University,VA,Private nonprofit,23781.0,87000.0,95124.0,1881.0,0.9388,94810.0,19500.0,1.0033118869317583,0.20567450690855396
199193,North Carolina State University at Raleigh,NC,Public,17303.0,26425.0,69212.0,27371.0,0.8476,68758.0,20121.0,1.006602868029902,0.292635038831845
186371,Rutgers University-Camden,NJ,Public,18745.0,35178.0,74980.0,3753.0,0.6667,74479.0,21500.0,1.006726728339532,0.28867197465057265
239318,Milwaukee School of Engineering,WI,Private nonprofit,22453.0,62648.0,89812.0,2654.0,0.6711,89070.0,27000.0,1.00833052655215,0.30313236780060626
196097,Stony Brook University,NY,Public,18784.0,30539.0,75136.0,18101.0,0.7556,74502.0,18228.0,1.0085098386620492,0.2446645727631473
196060,University at Albany,NY,Public,17167.0,28802.0,68668.0,12564.0,0.6145,67979.0,19500.0,1.010135483016814,0.28685329292869854
179867,Washington University in St Louis,MO,Private nonprofit,21786.0,88488.0,87144.0,7857.0,0.9426,86182.0,17500.0,1.0111624237079668,0.2030586433361955
185590,Montclair State University,NJ,Public,15566.0,28305.0,62264.0,18376.0,0.6466,61415.0,22000.0,1.0138239843686396,0.3582186762191647
159568,Louisiana Christian University,LA,Private nonprofit,13113.0,33791.0,52452.0,672.0,0.4387,51700.0,21875.0,1.0145454545454546,0.42311411992263054
241216,Atlantic University,PR,Private nonprofit,6425.0,12986.0,25700.0,1451.0,0.3941,25272.0,5457.0,1.0169357391579614,0.2159306742640076
240277,University of Wisconsin-Green Bay,WI,Public,13369.0,19366.0,53476.0,6341.0,0.4822,52528.0,18500.0,1.0180475175144685,0.3521931160523911
127918,Regis University,CO,Private nonprofit,18397.0,54800.0,73588.0,2627.0,0.6102,72105.0,25000.0,1.0205672283475486,0.346716593856182
151351,Indiana University-Bloomington,IN,Public,16264.0,28801.0,65056.0,37806.0,0.8021,63742.0,19509.0,1.0206143516049073,0.3060619371842741
218645,University of South Carolina Aiken,SC,Public,11641.0,21540.0,46564.0,2962.0,0.3985,45603.0,24275.0,1.021073175010416,0.5323114707365744
240189,University of Wisconsin-Whitewater,WI,Public,14158.0,18719.0,56632.0,9405.0,0.589,55356.0,23188.0,1.0230507984680974,0.4188886480237011
180522,Montana State University-Northern,MT,Public,12664.0,16578.0,50656.0,761.0,0.4111,49505.0,18500.0,1.0232501767498232,0.3736996263003737
220862,University of Memphis,TN,Public,12397.0,25169.0,49588.0,12701.0,0.5089,48458.0,23300.0,1.0233191629865037,0.48082875892525484
156125,Wichita State University,KS,Public,13194.0,21780.0,52776.0,10780.0,0.5103,51532.0,20500.0,1.0241403399829232,0.39781106885042306
154855,Central Christian College of Kansas,KS,Private nonprofit,11404.0,33327.0,45616.0,380.0,0.2697,44468.0,27000.0,1.0258163173518036,0.6071781955563551
243221,University of Puerto Rico-Rio Piedras,PR,Public,9175.0,15118.0,36700.0,8572.0,0.5026,35723.0,5500.0,1.0273493267642695,0.15396243316630742
155061,Fort Hays State University,KS,Public,12569.0,19909.0,50276.0,9733.0,0.477,48928.0,21000.0,1.0275506867233486,0.4292020928711576
240365,University of Wisconsin-Oshkosh,WI,Public,14305.0,19652.0,57220.0,6877.0,0.4614,55548.0,21500.0,1.0301000936127314,0.3870526391589256
146612,Lewis University,IL,Private nonprofit,17028.0,47313.0,68112.0,4015.0,0.6661,66099.0,21500.0,1.0304543185222166,0.3252696712506997
164632,Bay Path University,MA,Private nonprofit,14271.0,47308.0,57084.0,1108.0,0.4394,55383.0,24901.0,1.0307133958073778,0.449614502645216
215062,University of Pennsylvania,PA,Private nonprofit,28699.0,89028.0,114796.0,10650.0,0.9654,111371.0,15715.0,1.0307530685726087,0.1411049555090643
141334,University of West Georgia,GA,Public,12786.0,21981.0,51144.0,7520.0,0.4349,49587.0,23970.0,1.0313993587028858,0.48339282473228873
240471,University of Wisconsin-River Falls,WI,Public,14054.0,19781.0,56216.0,4205.0,0.57,54458.0,20500.0,1.0322817584193322,0.37643688714238493
159939,University of New Orleans,LA,Public,12384.0,23431.0,49536.0,4638.0,0.3799,47872.0,18750.0,1.03475935828877,0.39166945187165775
115409,Harvey Mudd College,CA,Private nonprofit,35924.0,90165.0,143696.0,921.0,0.9188,138687.0,25000.0,1.0361173001074362,0.1802620288851875
214643,Pennsylvania State University-Penn State Wilkes-Barre,PA,Public,16448.0,25994.0,65792.0,313.0,0.2273,63435.0,25000.0,1.0371561440844959,0.39410420115078426
218061,Francis Marion University,SC,Public,11386.0,23850.0,45544.0,2628.0,0.4339,43888.0,27000.0,1.0377324097703244,0.6152023332118118
240462,University of Wisconsin-Platteville,WI,Public,16032.0,21266.0,64128.0,5837.0,0.5576,61760.0,21977.0,1.038341968911917,0.355845207253886
492801,Drury University-College of Continuing Professional Studies,MO,Private nonprofit,10566.0,19698.0,42264.0,632.0,0.4324,40694.0,20979.0,1.0385806261365311,0.5155305450434954
130989,Goldey-Beacom College,DE,Private nonprofit,15554.0,26502.0,62216.0,691.0,0.5743,59892.0,18900.0,1.0388031790556336,0.3155680224403927
231624,William & Mary,VA,Public,19096.0,43035.0,76384.0,7055.0,0.8942,73490.0,18500.0,1.039379507415975,0.2517349299224384
162061,Capitol Technology University,MD,Private nonprofit,22102.0,42471.0,88408.0,315.0,0.4268,85035.0,20264.0,1.0396660198741694,0.2383018756982419
161299,Maine Maritime Academy,ME,Public,23414.0,31046.0,93656.0,942.0,0.5818,89964.0,27000.0,1.041038637677293,0.30012004801920766
105330,Northern Arizona University,AZ,Public,14158.0,29933.0,56632.0,22903.0,0.6132,54384.0,19000.0,1.041335686966755,0.34936746101794647
174020,Metropolitan State University,MN,Public,16863.0,25172.0,67452.0,5616.0,0.4357,64705.0,17100.0,1.0424542152847538,0.26427633104087783
176017,University of Mississippi,MS,Public,13314.0,28660.0,53256.0,21473.0,0.7174,50994.0,20000.0,1.0443581597835039,0.39220300427501276
170639,Lake Superior State University,MI,Public,12822.0,27154.0,51288.0,1325.0,0.5098,49045.0,23250.0,1.0457335100417984,0.4740544398001835
486840,Kennesaw State University,GA,Public,15048.0,24008.0,60192.0,41254.0,0.522,57552.0,23833.0,1.0458715596330275,0.414112454823464
110714,University of California-Santa Cruz,CA,Public,17890.0,41179.0,71560.0,17940.0,0.7509,68396.0,16666.0,1.0462600152055677,0.24366922042224692
238458,Carroll University,WI,Private nonprofit,15193.0,52639.0,60772.0,2523.0,0.707,58009.0,27000.0,1.047630540088607,0.4654450171525108
166692,Massachusetts Maritime Academy,MA,Public,21582.0,31367.0,86328.0,1395.0,0.7406,82392.0,25000.0,1.0477716283134284,0.303427517234683
106713,Central Baptist College,AR,Private nonprofit,12287.0,30605.0,49148.0,484.0,0.3411,46789.0,22250.0,1.0504178332514051,0.4755391224433093
182290,University of Nevada-Reno,NV,Public,15927.0,25786.0,63708.0,15599.0,0.6124,60614.0,18922.0,1.0510443131949714,0.3121721054541855
225414,University of Houston-Clear Lake,TX,Public,15563.0,24622.0,62252.0,6078.0,0.5163,59004.0,17831.0,1.0550471154498,0.30219985085756895
149231,Southern Illinois University Edwardsville,IL,Public,14889.0,28919.0,59556.0,8750.0,0.5697,56346.0,20500.0,1.0569694388244064,0.36382351897206544
228778,The University of Texas at Austin,TX,Public,19857.0,31247.0,79428.0,42855.0,0.889,75121.0,20500.0,1.0573341675430306,0.27289306585375595
186399,Rutgers University-Newark,NJ,Public,19703.0,35654.0,78812.0,7709.0,0.6375,74479.0,21500.0,1.0581774728446944,0.28867197465057265
166513,University of Massachusetts-Lowell,MA,Public,17163.0,30786.0,68652.0,11434.0,0.6482,64874.0,23704.0,1.0582359651015816,0.36538520824983817
441900,Nevada State University,NV,Public,14068.0,23718.0,56272.0,3762.0,0.3358,53166.0,19691.0,1.0584207952450815,0.37036828048000603
165820,Fitchburg State University,MA,Public,14262.0,25555.0,57048.0,2752.0,0.5512,53874.0,24239.0,1.0589152466867136,0.44992018413334817
219718,Bethel University,TN,Private nonprofit,12595.0,31203.0,50380.0,1547.0,0.3505,47482.0,27249.0,1.0610336548586834,0.5738806284486753
232982,Old Dominion University,VA,Public,14638.0,29446.0,58552.0,17514.0,0.4632,54914.0,24000.0,1.066249043959646,0.43704701897512477
180948,Chadron State College,NE,Public,12549.0,21132.0,50196.0,1540.0,0.5041,47002.0,18875.0,1.0679545551253138,0.4015786562273946
142276,Idaho State University,ID,Public,12193.0,21527.0,48772.0,7583.0,0.3939,45608.0,20039.0,1.0693737940712156,0.4393746711103315
228787,The University of Texas at Dallas,TX,Public,18267.0,29807.0,73068.0,21751.0,0.7569,68227.0,18000.0,1.0709543142744076,0.26382517185278553
152080,University of Notre Dame,IN,Private nonprofit,26780.0,83271.0,107120.0,8818.0,0.9517,99980.0,19000.0,1.0714142828565714,0.19003800760152031
101879,University of North Alabama,AL,Public,12170.0,23786.0,48680.0,5811.0,0.5491,45415.0,22077.0,1.0718925465154685,0.4861169217218981
196079,Binghamton University,NY,Public,21620.0,30345.0,86480.0,14655.0,0.8162,80596.0,18500.0,1.0730061045213162,0.22953992753982827
240329,University of Wisconsin-La Crosse,WI,Public,16210.0,19593.0,64840.0,9277.0,0.7096,60378.0,22500.0,1.073901089800921,0.3726522905694127
166638,University of Massachusetts-Boston,MA,Public,17707.0,30544.0,70828.0,11512.0,0.4941,65865.0,21974.0,1.075351096940712,0.3336218021711076
243601,Universidad Ana G. Mendez-Gurabo Campus,PR,Private nonprofit,7051.0,14224.0,28204.0,7868.0,0.314,26223.0,13448.0,1.0755443694466689,0.5128322465011631
159717,McNeese State University,LA,Public,12493.0,22810.0,49972.0,5005.0,0.4704,46453.0,23000.0,1.0757539879017501,0.49512410393300754
184603,Fairleigh Dickinson University-Metropolitan Campus,NJ,Private nonprofit,15404.0,50305.0,61616.0,2627.0,0.5332,57273.0,25000.0,1.0758297976358844,0.4365058579086131
176035,Mississippi University for Women,MS,Public,12411.0,22225.0,49644.0,1605.0,0.4677,46128.0,15000.0,1.076222684703434,0.3251821019771072
201821,The Christ College of Nursing and Health Sciences,OH,Private nonprofit,18378.0,28094.0,73512.0,713.0,0.5571,68303.0,24250.0,1.0762631216784035,0.35503564997145076
186201,Ramapo College of New Jersey,NJ,Public,18173.0,29483.0,72692.0,4898.0,0.6981,67541.0,21000.0,1.076264787314372,0.3109222546305207
200004,Western Carolina University,NC,Public,13315.0,19992.0,53260.0,10024.0,0.6026,49458.0,21868.0,1.0768733066440213,0.44215293784625337
217156,Brown University,RI,Private nonprofit,25184.0,87648.0,100736.0,7226.0,0.9569,93487.0,11428.0,1.0775401927540729,0.12224159508808712
199139,University of North Carolina at Charlotte,NC,Public,15435.0,23010.0,61740.0,24453.0,0.6897,57289.0,21500.0,1.0776937981113304,0.37529019532545516
147776,Northeastern Illinois University,IL,Public,14109.0,26960.0,56436.0,3982.0,0.2165,52234.0,14600.0,1.0804456867174637,0.2795114293372133
193016,Mercy University,NY,Private nonprofit,14072.0,32596.0,56288.0,5735.0,0.4571,52055.0,19637.0,1.0813178369032754,0.3772356161751993
164076,Towson University,MD,Public,17413.0,28535.0,69652.0,16136.0,0.6946,64390.0,18718.0,1.0817207640938034,0.29069731324739867
196167,SUNY College at Geneseo,NY,Public,18211.0,27709.0,72844.0,3869.0,0.7145,67316.0,19500.0,1.0821201497415176,0.28967853110701763
156745,Georgetown College,KY,Private nonprofit,14095.0,56886.0,56380.0,1097.0,0.4885,52074.0,25200.0,1.0826900180512349,0.48392671966816453
161217,University of Maine at Augusta,ME,Public,10924.0,19052.0,43696.0,2659.0,0.2698,40342.0,22734.0,1.0831391601804572,0.5635318030836349
233277,Radford University,VA,Public,14578.0,28405.0,58312.0,6038.0,0.4866,53739.0,24000.0,1.0850964848620184,0.44660302573549937
142285,University of Idaho,ID,Public,14831.0,23738.0,59324.0,7747.0,0.5728,54670.0,21982.0,1.0851289555514907,0.402085238704957
215275,University of Pittsburgh-Greensburg,PA,Public,17945.0,30141.0,71780.0,1305.0,0.397,66125.0,24250.0,1.0855198487712665,0.3667296786389414
218973,Wofford College,SC,Private nonprofit,18732.0,72441.0,74928.0,1816.0,0.842,68964.0,25732.0,1.0864799025578562,0.37312220868859114
141574,University of Hawaii at Manoa,HI,Public,15664.0,26433.0,62656.0,15029.0,0.6429,57624.0,18500.0,1.0873247258086909,0.32104678606136333
206914,Cameron University,OK,Public,10912.0,19862.0,43648.0,2492.0,0.3067,40118.0,21500.0,1.0879904282367017,0.5359190388354355
118888,Northeastern University Oakland,CA,Private nonprofit,25181.0,85418.0,100724.0,464.0,,92538.0,24250.0,1.0884609565799996,0.2620545073375262
161554,University of Southern Maine,ME,Public,13596.0,23717.0,54384.0,4222.0,0.4035,49958.0,19060.0,1.0885944193122223,0.3815204772008487
240453,University of Wisconsin-Milwaukee,WI,Public,15014.0,22756.0,60056.0,16758.0,0.4932,54990.0,23000.0,1.0921258410620114,0.4182578650663757
227216,University of North Texas,TX,Public,15649.0,26243.0,62596.0,34341.0,0.6071,57010.0,19250.0,1.0979828100333275,0.33766005963865986
214698,Pennsylvania State University-Penn State Beaver,PA,Public,17418.0,26210.0,69672.0,482.0,0.2174,63435.0,25000.0,1.0983211161030977,0.39410420115078426
214740,Pennsylvania State University-Penn State DuBois,PA,Public,17428.0,28530.0,69712.0,349.0,0.3381,63435.0,25000.0,1.0989516828249388,0.39410420115078426
203960,Mercy College of Ohio,OH,Private nonprofit,17989.0,30260.0,71956.0,939.0,0.5581,65409.0,20834.0,1.1000932593374,0.31851885826109555
237899,West Virginia State University,WV,Public,11139.0,19772.0,44556.0,1321.0,0.3918,40492.0,23338.0,1.1003655042971452,0.5763607626197768
220978,Middle Tennessee State University,TN,Public,13359.0,24289.0,53436.0,16301.0,0.537,48541.0,20000.0,1.1008425866793021,0.412022826064564
215284,University of Pittsburgh-Johnstown,PA,Public,18202.0,30349.0,72808.0,1808.0,0.5582,66125.0,24250.0,1.1010661625708884,0.3667296786389414
112260,Claremont McKenna College,CA,Private nonprofit,28849.0,86500.0,115396.0,1388.0,0.9136,104736.0,13500.0,1.101779712801711,0.1288955087076077
190415,Cornell University,NY,Private nonprofit,28690.0,88140.0,114760.0,15995.0,0.9538,104043.0,14000.0,1.1030054881154907,0.1345597493344098
147536,National Louis University,IL,Private nonprofit,12641.0,24154.0,50564.0,4406.0,0.3014,45799.0,19750.0,1.1040415729601083,0.43123212297211727
414878,Trine University-Regional/Non-Traditional Campuses,IN,Private nonprofit,15788.0,26786.0,63152.0,607.0,0.0,57165.0,25000.0,1.1047319163824019,0.4373305344179131
230728,Utah State University,UT,Public,14936.0,21654.0,59744.0,20272.0,0.5913,54022.0,14340.0,1.1059198104475954,0.2654474103143164
115755,California State Polytechnic University-Humboldt,CA,Public,13171.0,25170.0,52684.0,5612.0,0.4855,47626.0,18000.0,1.1062024944358124,0.3779448200562718
243106,University of Puerto Rico-Aguadilla,PR,Public,7765.0,14498.0,31060.0,1883.0,0.4633,27997.0,5500.0,1.1094045790620424,0.19644961960210022
214768,Pennsylvania State University-Penn State Hazleton,PA,Public,17597.0,29677.0,70388.0,501.0,0.2615,63435.0,25000.0,1.109608260424056,0.39410420115078426
200059,Dickinson State University,ND,Public,14092.0,20567.0,56368.0,1090.0,0.506,50720.0,18442.0,1.1113564668769715,0.36360410094637224
104179,University of Arizona,AZ,Public,16674.0,29423.0,66696.0,42537.0,0.6752,59979.0,19620.0,1.1119891962186765,0.32711449007152504
211440,Carnegie Mellon University,PA,Private nonprofit,31944.0,83654.0,127776.0,7304.0,0.9413,114862.0,21750.0,1.1124305688565408,0.18935766397938394
199111,University of North Carolina Asheville,NC,Public,12250.0,21685.0,49000.0,2910.0,0.5448,44030.0,20500.0,1.1128775834658187,0.4655916420622303
221740,The University of Tennessee-Chattanooga,TN,Public,14265.0,25489.0,57060.0,10074.0,0.5024,51151.0,19500.0,1.115520713182538,0.3812242184903521
150668,Goshen College,IN,Private nonprofit,14493.0,48449.0,57972.0,773.0,0.65,51943.0,22974.0,1.1160695377625474,0.4422925129468841
218742,University of South Carolina-Upstate,SC,Public,13557.0,25124.0,54228.0,4038.0,0.4304,48587.0,22310.0,1.1161010146747072,0.45917632288472227
219347,South Dakota School of Mines and Technology,SD,Public,20183.0,25385.0,80732.0,2071.0,0.5295,72257.0,27000.0,1.1172896743568097,0.3736662191898363
238032,West Virginia University,WV,Public,15634.0,26415.0,62536.0,17385.0,0.6466,55939.0,22500.0,1.117932033107492,0.40222385098053237
163338,University of Maryland Eastern Shore,MD,Public,13338.0,25941.0,53352.0,2391.0,0.3533,47697.0,27000.0,1.1185609157808667,0.5660733379457827
240480,University of Wisconsin-Stevens Point,WI,Public,14559.0,20079.0,58236.0,7306.0,0.5078,52021.0,21503.0,1.1194709828723015,0.4133523000326791
207263,Northeastern State University,OK,Public,12710.0,21551.0,50840.0,4772.0,0.3536,45379.0,17367.0,1.1203420084179907,0.3827100641265784
153384,Grinnell College,IA,Private nonprofit,17648.0,83440.0,70592.0,1729.0,0.8812,62830.0,17500.0,1.1235397103294604,0.2785293649530479
488679,Indiana Wesleyan University-National & Global,IN,Private nonprofit,16898.0,22228.0,67592.0,6656.0,0.3495,59986.0,24250.0,1.126796252458907,0.40426099423198747
178341,Missouri Southern State University,MO,Public,12007.0,19568.0,48028.0,3019.0,0.4158,42620.0,19174.0,1.1268887846081652,0.4498826841858283
139658,Emory University,GA,Private nonprofit,22585.0,83622.0,90340.0,7298.0,0.9109,80137.0,18250.0,1.127319465415476,0.22773500380598224
139719,Fort Valley State University,GA,Public,10338.0,19879.0,41352.0,2684.0,0.4111,36666.0,31000.0,1.1278023236786123,0.8454699176348661
440828,Oregon State University-Cascades Campus,OR,Public,18048.0,29798.0,72192.0,1044.0,0.5556,64010.0,21221.0,1.1278237775347602,0.33152632401187315
196194,State University of New York at Oswego,NY,Public,16236.0,27052.0,64944.0,5473.0,0.6036,57566.0,20880.0,1.1281659312788799,0.362714102074141
130934,Delaware State University,DE,Public,13910.0,27939.0,55640.0,4398.0,0.391,49307.0,26000.0,1.1284401809073763,0.5273084957511104
167729,Salem State University,MA,Public,15996.0,28291.0,63984.0,4291.0,0.4977,56662.0,25000.0,1.1292224065511278,0.4412128057604744
214652,Pennsylvania State University-Penn State Scranton,PA,Public,17910.0,27862.0,71640.0,793.0,0.3929,63435.0,25000.0,1.1293449988176874,0.39410420115078426
240268,University of Wisconsin-Eau Claire,WI,Public,16550.0,21705.0,66200.0,8895.0,0.6381,58561.0,20909.0,1.1304451768241663,0.35704649852290776
160612,Southeastern Louisiana University,LA,Public,13154.0,23604.0,52616.0,9514.0,0.4541,46482.0,22113.0,1.131965061744331,0.4757325416290177
202134,Cleveland State University,OH,Public,14764.0,27159.0,59056.0,8969.0,0.5057,52131.0,21797.0,1.1328384262722757,0.4181197368168652
173124,Bemidji State University,MN,Public,15261.0,22744.0,61044.0,3139.0,0.4787,53755.0,19750.0,1.1355966886801228,0.367407683006232
178420,University of Missouri-St Louis,MO,Public,15071.0,31199.0,60284.0,5024.0,0.5664,53037.0,20000.0,1.1366404585478063,0.3770952354017007
206349,Ursuline College,OH,Private nonprofit,16164.0,50523.0,64656.0,670.0,0.6667,56878.0,26250.0,1.1367488308309013,0.4615141179366363
482149,Augusta University,GA,Public,13787.0,23524.0,55148.0,5613.0,0.4881,48472.0,20500.0,1.137728998184519,0.4229245750123783
147679,North Park University,IL,Private nonprofit,16948.0,44172.0,67792.0,1818.0,0.5772,59572.0,25500.0,1.1379842879204995,0.42805344792855704
196200,SUNY College at Potsdam,NY,Public,13624.0,25083.0,54496.0,1823.0,0.453,47866.0,24250.0,1.1385116784356328,0.5066226549116283
159966,Nicholls State University,LA,Public,12947.0,23481.0,51788.0,4737.0,0.538,45454.0,22675.0,1.1393496721960663,0.49885598627183525
214801,Pennsylvania State University-Penn State Abington,PA,Public,18071.0,28795.0,72284.0,2877.0,0.1975,63435.0,25000.0,1.1394971230393316,0.39410420115078426
165024,Bridgewater State University,MA,Public,16383.0,26160.0,65532.0,7829.0,0.5341,57466.0,24286.0,1.1403612570911494,0.42261511154421744
172699,Western Michigan University,MI,Public,15273.0,29237.0,61092.0,12568.0,0.5757,53562.0,26188.0,1.140584742914753,0.488928718121056
214634,Pennsylvania State University-Penn State Shenango,PA,Public,18095.0,26821.0,72380.0,256.0,0.4194,63435.0,25000.0,1.1410104831717507,0.39410420115078426
198464,East Carolina University,NC,Public,15739.0,23867.0,62956.0,19896.0,0.6262,55146.0,22750.0,1.1416240525151415,0.41254125412541254
224545,Texas A&M University-Texarkana,TX,Public,12997.0,23778.0,51988.0,1982.0,0.2957,45515.0,18953.0,1.1422168515873887,0.4164121718114907
180814,Bellevue University,NE,Private nonprofit,17550.0,23531.0,70200.0,10220.0,0.3295,61289.0,20000.0,1.1453931374308604,0.32632283117688327
101587,University of West Alabama,AL,Public,12684.0,22758.0,50736.0,2974.0,0.347,44232.0,24944.0,1.1470428648941942,0.5639356122264424
139931,Georgia Southern University,GA,Public,15267.0,24430.0,61068.0,21790.0,0.549,53236.0,23250.0,1.1471184912465249,0.4367345405364791
204796,Ohio State University-Main Campus,OH,Public,17339.0,30305.0,69356.0,45638.0,0.8772,60409.0,19976.0,1.1481070701385556,0.3306792034299525
141325,Wesleyan College,GA,Private nonprofit,12724.0,40721.0,50896.0,400.0,0.4452,44317.0,24094.0,1.1484531895209513,0.5436739851524246
232672,Mary Baldwin University,VA,Private nonprofit,12756.0,45935.0,51024.0,1090.0,0.393,44427.0,26586.0,1.148490782632183,0.5984198798028226
151102,Purdue University Fort Wayne,IN,Public,13171.0,22183.0,52684.0,5484.0,0.3627,45872.0,21500.0,1.1485001743983259,0.468695500523195
214670,Pennsylvania State University-Penn State Lehigh Valley,PA,Public,18220.0,28109.0,72880.0,859.0,0.1783,63435.0,25000.0,1.1488925671947663,0.39410420115078426
228431,Stephen F Austin State University,TX,Public,14260.0,25791.0,57040.0,8728.0,0.5333,49634.0,23409.0,1.149212233549583,0.47163234879316596
160658,University of Louisiana at Lafayette,LA,Public,13530.0,24884.0,54120.0,12428.0,0.5263,47089.0,22902.0,1.1493130030368026,0.4863556244558177
217864,Citadel Military College of South Carolina,SC,Public,20723.0,33880.0,82892.0,2705.0,0.75,72085.0,21096.0,1.1499202330581952,0.292654505098148
128771,Central Connecticut State University,CT,Public,16857.0,24870.0,67428.0,7822.0,0.4844,58562.0,22300.0,1.1513951026262765,0.3807930057033571
213367,La Salle University,PA,Private nonprofit,19409.0,48337.0,77636.0,1953.0,0.5712,67416.0,25000.0,1.1515960602824256,0.37083185000593333
159993,University of Louisiana at Monroe,LA,Public,13466.0,24932.0,53864.0,5022.0,0.542,46769.0,21500.0,1.1517030511663708,0.4597062156556694
154095,University of Northern Iowa,IA,Public,15901.0,22278.0,63604.0,7529.0,0.6792,55177.0,19691.0,1.1527266795947586,0.3568697102053392
150136,Ball State University,IN,Public,14940.0,26146.0,59760.0,13988.0,0.6234,51833.0,23250.0,1.15293345937916,0.44855593926649046
162210,Washington Adventist University,MD,Private nonprofit,18526.0,34309.0,74104.0,452.0,0.2865,64249.0,30500.0,1.1533876013634454,0.47471555977524943
144005,Chicago State University,IL,Public,12335.0,29764.0,49340.0,1384.0,0.1549,42778.0,30625.0,1.1533966057319183,0.7159053719201459
163851,Salisbury University,MD,Public,17743.0,28310.0,70972.0,6057.0,0.6815,61515.0,21000.0,1.1537348614159149,0.34138015118263837
216287,Swarthmore College,PA,Private nonprofit,23149.0,84103.0,92596.0,1613.0,0.9227,80257.0,17500.0,1.1537435986892108,0.21804951593007463
214625,Pennsylvania State University-Penn State New Kensington,PA,Public,18305.0,26863.0,73220.0,416.0,0.2761,63435.0,25000.0,1.1542523843304169,0.39410420115078426
126580,University of Colorado Colorado Springs,CO,Public,15788.0,24595.0,63152.0,8697.0,0.4693,54659.0,20000.0,1.1553815474121372,0.36590497447812803
160038,Northwestern State University of Louisiana,LA,Public,13606.0,25431.0,54424.0,5519.0,0.432,47021.0,25000.0,1.1574402926352056,0.5316773356585356
106458,Arkansas State University,AR,Public,12366.0,25082.0,49464.0,9110.0,0.554,42617.0,20500.0,1.160663584954361,0.4810286974681465
131113,Wilmington University,DE,Private nonprofit,15644.0,19644.0,62576.0,7906.0,0.1982,53844.0,20000.0,1.1621722011737612,0.3714434291657381
170082,Grand Valley State University,MI,Public,16317.0,28367.0,65268.0,18854.0,0.6701,56118.0,24500.0,1.1630492889981825,0.4365800634377562
170532,Kalamazoo College,MI,Private nonprofit,19072.0,74208.0,76288.0,1149.0,0.7598,65590.0,26077.0,1.1631041317273976,0.39757584997713064
155317,University of Kansas,KS,Public,18059.0,26751.0,72236.0,21217.0,0.6881,61945.0,21000.0,1.166131245459682,0.3390104124626685
168263,Westfield State University,MA,Public,16721.0,27649.0,66884.0,3615.0,0.5441,57346.0,22457.0,1.1663237191783211,0.39160534300561506
200217,University of Mary,ND,Private nonprofit,17770.0,33672.0,71080.0,2416.0,0.666,60909.0,24000.0,1.1669868163982335,0.39403043885140127
176965,University of Central Missouri,MO,Public,14462.0,22947.0,57848.0,5648.0,0.5408,49560.0,21000.0,1.1672316384180792,0.423728813559322
200280,University of North Dakota,ND,Public,18551.0,25605.0,74204.0,9981.0,0.6048,63552.0,22057.0,1.167610775427996,0.3470701158106747
236230,Pacific Lutheran University,WA,Private nonprofit,19589.0,62459.0,78356.0,2401.0,0.6857,66990.0,22578.0,1.1696671144947006,0.3370353784146888
138716,Albany State University,GA,Public,11898.0,19333.0,47592.0,5956.0,0.3105,40674.0,25024.0,1.1700840831981119,0.6152333185818951
126182,Adams State University,CO,Public,12980.0,24352.0,51920.0,1250.0,0.3942,44372.0,19500.0,1.1701072748580186,0.4394663301180925
171100,Michigan State University,MI,Public,19680.0,32198.0,78720.0,40922.0,0.8072,67253.0,23250.0,1.1705054049633474,0.34570948507873256
196158,SUNY at Fredonia,NY,Public,15897.0,25879.0,63588.0,2755.0,0.5021,54247.0,24250.0,1.1721938540380112,0.4470293288108098
164988,Boston University,MA,Private nonprofit,24402.0,86285.0,97608.0,18248.0,0.8866,83238.0,23250.0,1.1726374972969076,0.27931954155553956
153603,Iowa State University,IA,Public,18589.0,24018.0,74356.0,25367.0,0.7532,63386.0,22869.0,1.173066607768277,0.3607894487741773
163578,Notre Dame of Maryland University,MD,Private nonprofit,19169.0,59320.0,76676.0,709.0,0.5,65344.0,22666.0,1.173420666013712,0.34687193927522036
224147,Texas A & M University-Corpus Christi,TX,Public,15225.0,25210.0,60900.0,8034.0,0.4015,51865.0,23000.0,1.1742022558565506,0.4434589800443459
446640,Harrisburg University of Science and Technology,PA,Private nonprofit,15376.0,35893.0,61504.0,615.0,0.3387,52374.0,27000.0,1.174323137434605,0.5155229694123038
221847,Tennessee Technological University,TN,Public,14246.0,25663.0,56984.0,8698.0,0.5767,48501.0,15650.0,1.1749036102348405,0.3226737593039319
152600,Valparaiso University,IN,Private nonprofit,18578.0,58437.0,74312.0,2083.0,0.7037,63191.0,26942.0,1.1759902517763605,0.426358183918596
127565,Metropolitan State University of Denver,CO,Public,15327.0,24622.0,61308.0,15002.0,0.3154,52093.0,21500.0,1.1768951682567717,0.4127233985372315
139366,Columbus State University,GA,Public,13115.0,21676.0,52460.0,5625.0,0.4176,44544.0,26000.0,1.1777119252873562,0.5836925287356322
126775,Colorado School of Mines,CO,Public,28690.0,40560.0,114760.0,6155.0,0.8171,97335.0,23000.0,1.179020907176247,0.23629732367596445
102553,University of Alaska Anchorage,AK,Public,15301.0,24096.0,61204.0,7212.0,0.2971,51871.0,20210.0,1.1799271269109908,0.3896204044649226
228459,Texas State University,TX,Public,16805.0,28073.0,67220.0,36177.0,0.5528,56906.0,21000.0,1.1812462657716234,0.3690296278072611
235422,Heritage University,WA,Private nonprofit,14598.0,31209.0,58392.0,812.0,0.5368,49416.0,14573.0,1.1816415735794075,0.29490448437752953
218724,Coastal Carolina University,SC,Public,13966.0,26692.0,55864.0,10377.0,0.4846,47258.0,23750.0,1.182106733251513,0.5025604130517585
163453,Morgan State University,MD,Public,14985.0,25413.0,59940.0,9019.0,0.4087,50698.0,27250.0,1.1822951595723696,0.5374965481873052
228723,Texas A&M University-College Station,TX,Public,21315.0,32696.0,85260.0,59615.0,0.8391,72097.0,17804.0,1.1825734773985048,0.24694508786773375
189705,Canisius University,NY,Private nonprofit,17940.0,44322.0,71760.0,1685.0,0.6639,60681.0,24250.0,1.182577742621249,0.3996308564460045
119173,Mount Saint Mary's University,CA,Private nonprofit,21413.0,66726.0,85652.0,1719.0,0.5325,72379.0,25949.0,1.1833819201702152,0.3585155915389823
179955,William Jewell College,MO,Private nonprofit,17562.0,35785.0,70248.0,924.0,0.6766,59268.0,24498.0,1.1852601741243167,0.4133427819396639
196088,University at Buffalo,NY,Public,20995.0,30785.0,83980.0,20112.0,0.7518,70814.0,19000.0,1.1859236874064452,0.2683085265625441
180832,Clarkson College,NE,Private nonprofit,19241.0,24670.0,76964.0,622.0,0.4667,64876.0,23716.0,1.1863246809297736,0.36555891238670696
199999,Winston-Salem State University,NC,Public,13479.0,23147.0,53916.0,4170.0,0.4668,45344.0,25000.0,1.1890437544107268,0.5513408609738885
169798,Eastern Michigan University,MI,Public,15407.0,29640.0,61628.0,10055.0,0.4644,51793.0,25000.0,1.1898905257467225,0.4826907110999556
172264,Siena Heights University,MI,Private nonprofit,17124.0,44449.0,68496.0,1495.0,0.3862,57529.0,18750.0,1.190634288793478,0.32592257817796244
170000,Grace Christian University,MI,Private nonprofit,12404.0,26166.0,49616.0,716.0,0.5104,41663.0,24375.0,1.1908887982142429,0.5850514845306387
130776,Western Connecticut State University,CT,Public,17604.0,24877.0,70416.0,3511.0,0.5176,59115.0,24147.0,1.1911697538695762,0.40847500634356765
225885,Jarvis Christian University,TX,Private nonprofit,9825.0,25185.0,39300.0,577.0,0.1519,32992.0,27000.0,1.1911978661493696,0.8183802133850631
175078,Southwest Minnesota State University,MN,Public,15291.0,24757.0,61164.0,2315.0,0.451,51342.0,20500.0,1.1913053640294495,0.39928323789490083
195544,St. Joseph's University-New York,NY,Private nonprofit,19035.0,41897.0,76140.0,3144.0,0.6878,63905.0,22000.0,1.1914560676003443,0.34426101244034113
100830,Auburn University at Montgomery,AL,Public,13224.0,21353.0,52896.0,2542.0,0.326,44391.0,25000.0,1.191592890450767,0.5631772206077809
445267,Central Methodist University-College of Graduate and Extended Studies,MO,Private nonprofit,14601.0,22310.0,58404.0,2092.0,0.0,48991.0,17619.0,1.192137331346574,0.3596374844359168
233301,Randolph College,VA,Private nonprofit,15921.0,45040.0,63684.0,658.0,0.4639,53409.0,26950.0,1.192383306184351,0.504596603568687
227526,Prairie View A & M University,TX,Public,13570.0,26362.0,54280.0,8877.0,0.432,45411.0,27000.0,1.195305102287992,0.5945695976745723
171456,Northern Michigan University,MI,Public,14085.0,27841.0,56340.0,6556.0,0.5214,47107.0,21474.0,1.1960005943914918,0.4558558176067251
175272,Winona State University,MN,Public,17503.0,23683.0,70012.0,5144.0,0.5694,58532.0,21500.0,1.1961320303423768,0.36732044010114123
200800,University of Akron Main Campus,OH,Public,13946.0,26284.0,55784.0,9052.0,0.5186,46600.0,23250.0,1.1970815450643777,0.4989270386266094
174233,University of Minnesota-Duluth,MN,Public,18743.0,27680.0,74972.0,7336.0,0.6472,62616.0,22024.0,1.1973297559729144,0.3517311869170819
498562,Commonwealth University of Pennsylvania,PA,Public,15699.0,25161.0,62796.0,9210.0,0.5448,52416.0,26000.0,1.1980311355311355,0.49603174603174605
234827,Central Washington University,WA,Public,18476.0,28816.0,73904.0,7833.0,0.5361,61580.0,19500.0,1.2001299123091913,0.31666125365378367
196121,SUNY Brockport,NY,Public,16353.0,26046.0,65412.0,5784.0,0.5513,54496.0,20000.0,1.2003082795067528,0.3669994128009395
214829,Pennsylvania State University-Penn State York,PA,Public,19047.0,27826.0,76188.0,668.0,0.1627,63435.0,25000.0,1.201040435091038,0.39410420115078426
170806,Madonna University,MI,Private nonprofit,17755.0,41038.0,71020.0,1632.0,0.6,59058.0,23000.0,1.2025466490568593,0.3894476616207796
168218,Wellesley College,MA,Private nonprofit,25496.0,86290.0,101984.0,2300.0,0.9153,84803.0,10000.0,1.2025989646592692,0.11792035659115833
164465,Amherst College,MA,Private nonprofit,23367.0,87640.0,93468.0,1911.0,0.939,77644.0,13740.0,1.2038019679563134,0.17696151666580806
240417,University of Wisconsin-Stout,WI,Public,17490.0,22797.0,69960.0,5842.0,0.5486,58084.0,23000.0,1.2044625025824667,0.3959782384133324
222831,Angelo State University,TX,Public,15091.0,23441.0,60364.0,5643.0,0.4397,50116.0,20000.0,1.2044855934232581,0.39907414797669405
162584,Frostburg State University,MD,Public,16715.0,27056.0,66860.0,2909.0,0.4966,55493.0,21105.0,1.2048366460634674,0.38031823833636674
197045,Utica University,NY,Private nonprofit,19108.0,37205.0,76432.0,2278.0,0.5624,63277.0,22500.0,1.2078954438421543,0.35557943644610207
190725,Daemen University,NY,Private nonprofit,18693.0,45192.0,74772.0,1643.0,0.5888,61808.0,22091.0,1.2097463111571318,0.35741327983432564
204635,Ohio Northern University,OH,Private nonprofit,24478.0,53580.0,97912.0,2489.0,0.7548,80928.0,27000.0,1.2098655595096877,0.33362989323843417
482158,Middle Georgia State University,GA,Public,12361.0,19617.0,49444.0,6574.0,0.2533,40863.0,19000.0,1.2099943714362627,0.464968308738957
227881,Sam Houston State University,TX,Public,16404.0,25505.0,65616.0,17743.0,0.5476,54211.0,21983.0,1.210381656859309,0.4055081072107137
198419,Duke University,NC,Private nonprofit,29612.0,87072.0,118448.0,6442.0,0.9678,97800.0,13000.0,1.211124744376278,0.1329243353783231
182670,Dartmouth College,NH,Private nonprofit,29519.0,87793.0,118076.0,4541.0,0.9554,97434.0,17500.0,1.2118562308844962,0.17960876080218405
180416,Montana Technological University,MT,Public,16481.0,22786.0,65924.0,1480.0,0.5824,54329.0,18750.0,1.213421929356329,0.3451195494119163
176044,Mississippi Valley State University,MS,Public,9686.0,21154.0,38744.0,1439.0,0.2676,31919.0,28413.0,1.2138224881731883,0.8901594661486889
207388,Oklahoma State University-Main Campus,OK,Public,17447.0,28290.0,69788.0,21773.0,0.6817,57413.0,20500.0,1.2155435180185672,0.35706198944489925
217059,York College of Pennsylvania,PA,Private nonprofit,18556.0,37319.0,74224.0,3265.0,0.641,61012.0,26000.0,1.216547564413558,0.4261456762604078
167987,University of Massachusetts-Dartmouth,MA,Public,20927.0,33485.0,83708.0,5221.0,0.5207,68804.0,25000.0,1.216615313063194,0.3633509679669787
196246,State University of New York at Plattsburgh,NY,Public,17156.0,28244.0,68624.0,3769.0,0.5851,56403.0,21196.0,1.2166728720103541,0.3757956137084907
176628,Avila University,MO,Private nonprofit,16053.0,50096.0,64212.0,1312.0,0.5238,52773.0,25000.0,1.216758569723154,0.4737270952949425
100706,University of Alabama in Huntsville,AL,Public,18796.0,27392.0,75184.0,6591.0,0.6429,61767.0,20705.0,1.2172195508928716,0.33521135881619635
185129,New Jersey City University,NJ,Public,16053.0,28255.0,64212.0,3681.0,0.3389,52745.0,18500.0,1.2174044933169021,0.35074414636458434
218654,University of South Carolina Beaufort,SC,Public,14656.0,24353.0,58624.0,2052.0,0.3399,48088.0,24000.0,1.2190983197471303,0.4990850108135086
190716,D'Youville  University,NY,Private nonprofit,20433.0,48539.0,81732.0,1258.0,0.6749,66942.0,25000.0,1.2209375280093215,0.37345762002927907
181604,College of Saint Mary,NE,Private nonprofit,16590.0,35971.0,66360.0,445.0,0.605,54338.0,24250.0,1.2212448010600316,0.44628068754830874
229115,Texas Tech University,TX,Public,19070.0,27443.0,76280.0,32394.0,0.6869,62454.0,21500.0,1.2213789348960835,0.3442533704806738
233921,Virginia Polytechnic Institute and State University,VA,Public,24953.0,36951.0,99812.0,30923.0,0.8622,81698.0,21500.0,1.2217190139293495,0.2631643369482729
209542,Oregon State University,OR,Public,19604.0,31653.0,78416.0,30743.0,0.7011,64010.0,21221.0,1.2250585845961568,0.33152632401187315
214795,Pennsylvania State University-Penn State Mont Alto,PA,Public,19454.0,28841.0,77816.0,559.0,0.3365,63435.0,25000.0,1.226704500669977,0.39410420115078426
163912,St. Mary's College of Maryland,MD,Public,18441.0,31865.0,73764.0,1603.0,0.6995,60110.0,21000.0,1.2271502245882548,0.349359507569456
193973,Niagara University,NY,Private nonprofit,17248.0,51632.0,68992.0,2653.0,0.7451,56196.0,25475.0,1.2277030393622321,0.45332408000569435
156082,Washburn University,KS,Public,15280.0,21512.0,61120.0,4562.0,0.5296,49774.0,18127.0,1.2279503355165347,0.36418612126813193
206695,Youngstown State University,OH,Public,12767.0,21708.0,51068.0,7961.0,0.5048,41544.0,24000.0,1.2292509146928559,0.5777007510109763
217484,University of Rhode Island,RI,Public,21440.0,34321.0,85760.0,13381.0,0.7331,69743.0,22250.0,1.2296574566623173,0.319028432961014
165866,Framingham State University,MA,Public,16114.0,27413.0,64456.0,2566.0,0.478,52349.0,25000.0,1.2312747139391393,0.47756404133794345
117140,University of La Verne,CA,Private nonprofit,20161.0,62278.0,80644.0,3050.0,0.6312,65464.0,23500.0,1.231883172430649,0.35897592569962117
479956,Pennsylvania State University-World Campus,PA,Public,19550.0,27678.0,78200.0,7877.0,0.3415,63435.0,25000.0,1.2327579411996532,0.39410420115078426
173328,Concordia University-Saint Paul,MN,Private nonprofit,18462.0,37239.0,73848.0,3018.0,0.459,59871.0,17832.0,1.2334519216315076,0.2978403567670492
237136,Appalachian Bible College,WV,Private nonprofit,11579.0,31423.0,46316.0,193.0,0.7105,37467.0,11000.0,1.2361811727653669,0.29359169402407453
217998,Erskine College,SC,Private nonprofit,16525.0,55248.0,66100.0,766.0,0.4518,53459.0,27000.0,1.2364615873847247,0.5050599524869526
231174,University of Vermont,VT,Public,19343.0,35649.0,77372.0,11743.0,0.7859,62472.0,20951.0,1.238506851069279,0.33536624407734666
133650,Florida Agricultural and Mechanical University,FL,Public,13739.0,23970.0,54956.0,7582.0,0.5335,44349.0,23548.0,1.2391711199801574,0.5309702586304088
214810,Pennsylvania State University-Penn State Schuylkill,PA,Public,19659.0,30065.0,78636.0,620.0,0.3188,63435.0,25000.0,1.239631118467723,0.39410420115078426
242705,Inter American University of Puerto Rico-Bayamon,PR,Private nonprofit,9284.0,16324.0,37136.0,3476.0,0.3492,29936.0,8250.0,1.2405130946018172,0.27558792089791556
178387,Missouri Western State University,MO,Public,13251.0,21595.0,53004.0,2219.0,0.3854,42647.0,19968.0,1.2428541280746594,0.4682158182287148
217882,Clemson University,SC,Public,22253.0,35015.0,89012.0,23300.0,0.8656,71513.0,21500.0,1.2446967684197279,0.30064463803783925
225201,Hallmark University,TX,Private nonprofit,12513.0,,50052.0,769.0,0.6633,40183.0,25438.0,1.2456013737152527,0.6330537789612523
206604,Wright State University-Main Campus,OH,Public,15415.0,24373.0,61660.0,6762.0,0.4169,49500.0,22750.0,1.2456565656565657,0.4595959595959596
216694,Waynesburg University,PA,Private nonprofit,18235.0,44397.0,72940.0,1009.0,0.6554,58537.0,27000.0,1.2460495071493243,0.46124673283564244
181464,University of Nebraska-Lincoln,NE,Public,17747.0,26697.0,70988.0,19178.0,0.6697,56887.0,21000.0,1.2478773709283315,0.36915288202928614
195173,St. Francis College,NY,Private nonprofit,18129.0,38098.0,72516.0,1684.0,0.5464,58099.0,23250.0,1.248145406977745,0.4001790048021481
155681,Pittsburg State University,KS,Public,15784.0,22099.0,63136.0,4210.0,0.5659,50579.0,18969.0,1.2482650902548489,0.37503707072105025
241739,Universidad Ana G. Mendez-Cupey Campus,PR,Private nonprofit,7646.0,14214.0,30584.0,4540.0,0.3085,24490.0,14250.0,1.248836259697836,0.5818701510820743
160074,Franciscan Missionaries of Our Lady University,LA,Private nonprofit,18552.0,28490.0,74208.0,821.0,0.4545,59419.0,27672.0,1.248893451589559,0.46570962150153994
145813,Illinois State University,IL,Public,19398.0,34309.0,77592.0,19057.0,0.6454,62117.0,20482.0,1.249126648099554,0.32973260138126437
132602,Bethune-Cookman University,FL,Private nonprofit,12030.0,29764.0,48120.0,2732.0,0.3052,38518.0,31000.0,1.2492860480814165,0.80481852640324
166629,University of Massachusetts-Amherst,MA,Public,22383.0,34549.0,89532.0,23671.0,0.8326,71631.0,22763.0,1.2499057670561629,0.31778140749117
159391,Louisiana State University and Agricultural & Mechanical College,LA,Public,19151.0,34705.0,76604.0,30594.0,0.6881,61251.0,20500.0,1.250657132128455,0.3346884132503959
106397,University of Arkansas,AR,Public,18209.0,27767.0,72836.0,28677.0,0.7052,58191.0,21500.0,1.2516712206354934,0.3694729425512536
193292,Molloy University,NY,Private nonprofit,24347.0,50720.0,97388.0,3162.0,0.6993,77789.0,27000.0,1.251950789957449,0.34709277661366
156541,University of the Cumberlands,KY,Private nonprofit,14107.0,25567.0,56428.0,6941.0,0.5043,45036.0,14911.0,1.2529531930011546,0.33109068300914823
164739,Bentley University,MA,Private nonprofit,37930.0,79548.0,151720.0,4474.0,0.8679,120959.0,25023.0,1.254309311419572,0.20687174993179508
156408,Centre College,KY,Private nonprofit,20781.0,67787.0,83124.0,1400.0,0.8067,66240.0,27000.0,1.254891304347826,0.4076086956521739
211468,Cedar Crest College,PA,Private nonprofit,18659.0,57206.0,74636.0,834.0,0.6039,59460.0,27000.0,1.2552304069963,0.45408678102926336
169248,Central Michigan University,MI,Public,17597.0,30681.0,70388.0,10035.0,0.5872,55874.0,27000.0,1.259763038264667,0.483230124923936
166656,Massachusetts College of Pharmacy and Health Sciences,MA,Private nonprofit,39545.0,65022.0,158180.0,3451.0,0.6202,125557.0,25000.0,1.259826214388684,0.19911275357009167
221759,The University of Tennessee-Knoxville,TN,Public,18976.0,33678.0,75904.0,30418.0,0.7392,60249.0,20500.0,1.2598383375657687,0.34025461003502133
101480,Jacksonville State University,AL,Public,14279.0,24257.0,57116.0,7036.0,0.5472,45235.0,22189.0,1.2626506024096384,0.4905272466010832
150400,DePauw University,IN,Private nonprofit,22264.0,74320.0,89056.0,1905.0,0.7469,70527.0,27000.0,1.262722078069392,0.3828321068526947
192703,Manhattan University,NY,Private nonprofit,27256.0,64348.0,109024.0,2744.0,0.6371,86316.0,26000.0,1.2630798461467168,0.3012187775151768
207865,Southwestern Oklahoma State University,OK,Public,14459.0,23334.0,57836.0,3514.0,0.3969,45744.0,15954.0,1.2643406785589366,0.3487670514165792
212911,Haverford College,PA,Private nonprofit,25314.0,90382.0,101256.0,1430.0,0.8964,79966.0,13621.0,1.266238151214266,0.17033489232923993
160065,University of Holy Cross,LA,Private nonprofit,15635.0,27541.0,62540.0,471.0,0.4857,49316.0,26995.0,1.2681482683104874,0.5473882715548706
196185,SUNY Oneonta,NY,Public,19158.0,28821.0,76632.0,4643.0,0.6881,60386.0,19812.0,1.269035869241215,0.328089292220051
228501,Sul Ross State University,TX,Public,13286.0,24529.0,53144.0,1396.0,0.2994,41871.0,15900.0,1.269231687803014,0.3797377659955578
242653,Inter American University of Puerto Rico-Metro,PR,Private nonprofit,9788.0,16837.0,39152.0,2607.0,0.3881,30821.0,10975.0,1.2703027156808668,0.3560883812984653
195243,St. Thomas Aquinas College,NY,Private nonprofit,19994.0,53370.0,79976.0,972.0,0.5404,62909.0,23198.0,1.2712966348217267,0.36875486814287306
196015,SUNY College of Technology at Canton,NY,Public,15268.0,24906.0,61072.0,2741.0,0.3845,47860.0,20000.0,1.2760551608859172,0.41788549937317176
243346,Universidad Ana G. Mendez-Carolina Campus,PR,Private nonprofit,7761.0,14113.0,31044.0,4468.0,0.3426,24328.0,14500.0,1.2760605064123645,0.5960210457086484
177551,Harris-Stowe State University,MO,Public,9922.0,21493.0,39688.0,960.0,0.2756,31088.0,25930.0,1.2766340710241895,0.8340838908903757
157085,University of Kentucky,KY,Public,18851.0,34391.0,75404.0,24763.0,0.7142,59025.0,22500.0,1.2774925878864887,0.3811944091486658
178396,University of Missouri-Columbia,MO,Public,20268.0,31713.0,81072.0,23929.0,0.7494,63403.0,20500.0,1.2786776650947116,0.32332854912228126
194091,New York Institute of Technology,NY,Private nonprofit,22443.0,56976.0,89772.0,3440.0,0.5877,70080.0,23334.0,1.2809931506849315,0.3329623287671233
213011,Immaculata University,PA,Private nonprofit,24258.0,43979.0,97032.0,1320.0,0.7104,75701.0,27000.0,1.2817796330299467,0.35666635843648037
203544,Kettering College,OH,Private nonprofit,21650.0,32839.0,86600.0,549.0,0.6512,67492.0,23500.0,1.2831150358561014,0.34818941504178275
143118,Aurora University,IL,Private nonprofit,18838.0,40625.0,75352.0,3974.0,0.6032,58709.0,20318.0,1.2834829412866853,0.3460798174044865
204200,Mount St. Joseph University,OH,Private nonprofit,16530.0,46719.0,66120.0,1129.0,0.5633,51509.0,26827.0,1.2836591663592771,0.5208216039915354
230047,Brigham Young University-Hawaii,HI,Private nonprofit,16774.0,25098.0,67096.0,2889.0,0.5264,52064.0,9413.0,1.288721573448064,0.18079671173939765
175616,Delta State University,MS,Public,13540.0,22445.0,54160.0,1620.0,0.4806,41991.0,20390.0,1.289800195279941,0.4855802433854874
221731,Tennessee Wesleyan University,TN,Private nonprofit,14836.0,39440.0,59344.0,846.0,0.4759,45989.0,20000.0,1.2903955293657179,0.4348866033181848
212115,East Stroudsburg University of Pennsylvania,PA,Public,18134.0,27917.0,72536.0,4814.0,0.4312,56148.0,24218.0,1.291871482510508,0.4313243570563511
187897,New Mexico Highlands University,NM,Public,14838.0,20868.0,59352.0,1451.0,0.2618,45937.0,11399.0,1.2920303894464158,0.24814419748786382
217776,Southern Wesleyan University,SC,Private nonprofit,15464.0,39914.0,61856.0,747.0,0.5236,47756.0,26000.0,1.2952508585308653,0.5444342072200352
196176,State University of New York at New Paltz,NY,Public,18809.0,28428.0,75236.0,6086.0,0.716,58073.0,18750.0,1.2955418180565839,0.3228694918464691
181215,University of Nebraska at Kearney,NE,Public,16242.0,25808.0,64968.0,4088.0,0.5774,50105.0,19500.0,1.296637062169444,0.3891827162957789
120883,University of the Pacific,CA,Private nonprofit,25447.0,71515.0,101788.0,3204.0,0.6905,78445.0,19500.0,1.2975715469437186,0.24858180891070178
187444,William Paterson University of New Jersey,NJ,Public,18745.0,28476.0,74980.0,6614.0,0.4396,57780.0,22334.0,1.297680858428522,0.3865351332641052
228884,Texas College,TX,Private nonprofit,10958.0,20339.0,43832.0,614.0,0.1375,33752.0,31000.0,1.298648968949988,0.9184640910168287
197869,Appalachian State University,NC,Public,16836.0,23169.0,67344.0,19444.0,0.7453,51836.0,20231.0,1.2991743190060963,0.3902886025156262
181446,Nebraska Wesleyan University,NE,Private nonprofit,18327.0,53569.0,73308.0,1453.0,0.6612,56405.0,26970.0,1.299672014892297,0.4781491002570694
218964,Winthrop University,SC,Public,15343.0,30710.0,61372.0,3523.0,0.5698,47185.0,26975.0,1.300667585037618,0.5716859171346826
219949,Cumberland University,TN,Private nonprofit,18759.0,43358.0,75036.0,2104.0,0.4559,57687.0,17952.0,1.3007436684174944,0.3111966300899683
181783,Wayne State College,NE,Public,15360.0,22565.0,61440.0,3010.0,0.5215,47075.0,19000.0,1.3051513542219861,0.403611258629846
147767,Northwestern University,IL,Private nonprofit,29167.0,91250.0,116668.0,9201.0,0.9513,89363.0,15000.0,1.3055515146089545,0.16785470496738022
227863,University of St Thomas,TX,Private nonprofit,19359.0,45672.0,77436.0,3220.0,0.6877,59224.0,19928.0,1.3075104687288936,0.33648520869917603
164580,Babson College,MA,Private nonprofit,40514.0,80192.0,162056.0,2728.0,0.9312,123938.0,20000.0,1.307557004308606,0.16137100808468752
229267,Trinity University,TX,Private nonprofit,23464.0,68224.0,93856.0,2505.0,0.8397,71668.0,22954.0,1.3095942401071607,0.32028241335044927
186380,Rutgers University-New Brunswick,NJ,Public,24406.0,36993.0,97624.0,37751.0,0.8363,74479.0,21500.0,1.3107587373622094,0.28867197465057265
153144,Coe College,IA,Private nonprofit,18745.0,67372.0,74980.0,1164.0,0.659,57125.0,27000.0,1.3125601750547047,0.4726477024070022
160904,Xavier University of Louisiana,LA,Private nonprofit,17127.0,40434.0,68508.0,2628.0,0.4855,52184.0,24053.0,1.3128161888701517,0.4609267208339721
152336,University of Saint Francis-Fort Wayne,IN,Private nonprofit,18196.0,47223.0,72784.0,1567.0,0.5497,55362.0,25976.0,1.3146923882807702,0.4692027022145154
243151,University of Puerto Rico at Cayey,PR,Public,10176.0,15909.0,40704.0,2069.0,0.4983,30958.0,5000.0,1.3148136184508044,0.16150914141740422
220701,The University of Tennessee Southern,TN,Public,12798.0,24750.0,51192.0,864.0,0.369,38924.0,21500.0,1.3151782961668894,0.5523584420922824
183062,Keene State College,NH,Public,17887.0,29993.0,71548.0,2699.0,0.6006,54368.0,25749.0,1.3159947027663332,0.4736057975279576
213020,Indiana University of Pennsylvania,PA,Public,16804.0,26898.0,67216.0,6764.0,0.5551,51019.0,26798.0,1.317469962170956,0.5252552970461984
146339,Judson University,IL,Private nonprofit,18558.0,43137.0,74232.0,708.0,0.5987,56313.0,25000.0,1.3182036119546108,0.4439472235540639
193399,University of Mount Saint Vincent,NY,Private nonprofit,21696.0,54170.0,86784.0,2692.0,0.5683,65756.0,25000.0,1.3197883082912585,0.38019344242350506
176479,William Carey University,MS,Private nonprofit,14258.0,29651.0,57032.0,2201.0,0.5978,43087.0,20832.0,1.3236475038874835,0.483486898600506
107983,Southern Arkansas University Main Campus,AR,Public,14027.0,24951.0,56108.0,2708.0,0.4882,42386.0,18750.0,1.3237389704147595,0.4423630444014533
232256,Hampden-Sydney College,VA,Private nonprofit,22400.0,70325.0,89600.0,946.0,0.6217,67640.0,26000.0,1.3246599645180366,0.384387936132466
154013,Mount Mercy University,IA,Private nonprofit,20168.0,55054.0,80672.0,1107.0,0.5774,60787.0,23699.0,1.3271258657278695,0.38986954447496996
399911,Soka University of America,CA,Private nonprofit,18260.0,55064.0,73040.0,484.0,0.9182,55017.0,15650.0,1.3275896541069123,0.28445753130850465
447689,Georgia Gwinnett College,GA,Public,15844.0,22547.0,63376.0,11344.0,0.2147,47730.0,20076.0,1.3278022208254767,0.4206159648020113
219259,Northern State University,SD,Public,15812.0,22077.0,63248.0,1273.0,0.4894,47618.0,22320.0,1.328237221218867,0.4687303120668655
210429,Western Oregon University,OR,Public,17237.0,25062.0,68948.0,3103.0,0.4712,51815.0,20609.0,1.3306571456142045,0.39774196661198497
231581,Bridgewater College,VA,Private nonprofit,17800.0,58702.0,71200.0,1400.0,0.5305,53453.0,26000.0,1.3320112996464184,0.4864086206574
109785,Azusa Pacific University,CA,Private nonprofit,22212.0,56313.0,88848.0,2759.0,0.6179,66677.0,23219.0,1.332513460413636,0.34823102419125035
175005,St Catherine University,MN,Private nonprofit,19764.0,60476.0,79056.0,2473.0,0.6125,59282.0,24181.0,1.333558247022705,0.40789784420228736
232423,James Madison University,VA,Public,23322.0,31735.0,93288.0,20888.0,0.7972,69954.0,20093.0,1.333562055064757,0.28723160934328273
157289,University of Louisville,KY,Public,17988.0,32941.0,71952.0,14727.0,0.6123,53899.0,20500.0,1.3349412790589807,0.38034100818197
167288,Massachusetts College of Liberal Arts,MA,Public,16068.0,26026.0,64272.0,713.0,0.5564,48102.0,23750.0,1.336160658600474,0.49374246393081367
167358,Northeastern University,MA,Private nonprofit,30915.0,84641.0,123660.0,17326.0,0.9054,92538.0,24250.0,1.3363158918498346,0.2620545073375262
174792,Saint Johns University,MN,Private nonprofit,25672.0,68521.0,102688.0,1395.0,0.7538,76786.0,27000.0,1.3373271169223557,0.3516265985987029
147341,Monmouth College,IL,Private nonprofit,17133.0,57157.0,68532.0,702.0,0.6461,51110.0,27000.0,1.3408726276658187,0.5282723537468206
168786,Aquinas College,MI,Private nonprofit,16626.0,51652.0,66504.0,1083.0,0.6536,49584.0,23000.0,1.341239109390126,0.4638593094546628
183080,Plymouth State University,NH,Public,19216.0,29644.0,76864.0,3153.0,0.5203,57304.0,26000.0,1.341337428451766,0.4537205081669691
144971,Eureka College,IL,Private nonprofit,17349.0,39578.0,69396.0,522.0,0.4161,51641.0,23250.0,1.3438159601866735,0.4502236594953622
181297,Nebraska Methodist College of Nursing & Allied Health,NE,Private nonprofit,21863.0,32835.0,87452.0,781.0,0.5952,65071.0,23417.0,1.3439473805535491,0.359868451383873
217819,College of Charleston,SC,Public,18960.0,32362.0,75840.0,10558.0,0.6583,56416.0,23250.0,1.344299489506523,0.41211712989222915
139940,Georgia State University,GA,Public,15931.0,28241.0,63724.0,26623.0,0.5306,47384.0,20903.0,1.3448421408070235,0.4411404693567449
173920,Minnesota State University-Mankato,MN,Public,19139.0,23995.0,76556.0,11703.0,0.5395,56922.0,21106.0,1.3449281472892731,0.37078809599100526
173258,Carleton College,MN,Private nonprofit,25407.0,84893.0,101628.0,2086.0,0.896,75525.0,16750.0,1.3456206554121153,0.22178086726249585
209065,Linfield University,OR,Private nonprofit,26536.0,65935.0,106144.0,1621.0,0.7046,78638.0,25000.0,1.3497800045779393,0.3179124596251176
175421,Belhaven University,MS,Private nonprofit,15676.0,39793.0,62704.0,1471.0,0.4854,46440.0,26333.0,1.3502153316106804,0.5670327304048234
242662,Inter American University of Puerto Rico-Ponce,PR,Private nonprofit,9026.0,16065.0,36104.0,2404.0,0.4144,26721.0,6375.0,1.351147037910258,0.2385764005838105
227331,Our Lady of the Lake University,TX,Private nonprofit,16442.0,42865.0,65768.0,1066.0,0.4611,48675.0,24999.0,1.351165896250642,0.5135901386748845
190044,Clarkson University,NY,Private nonprofit,30305.0,79022.0,121220.0,2196.0,0.7491,89696.0,26000.0,1.3514537995005351,0.28986799857295753
163204,University of Maryland Global Campus,MD,Public,22063.0,25400.0,88252.0,49664.0,0.3333,65287.0,21000.0,1.3517545606322852,0.3216566850981053
190099,Colgate University,NY,Private nonprofit,28786.0,87070.0,115144.0,3180.0,0.9117,85139.0,15000.0,1.3524236836232515,0.17618247806528148
119605,National University,CA,Private nonprofit,22878.0,33978.0,91512.0,10794.0,0.4286,67548.0,25000.0,1.3547699413750223,0.37010718304020845
237011,Western Washington University,WA,Public,21193.0,30359.0,84772.0,13544.0,0.6464,62569.0,18500.0,1.3548562387124614,0.2956735763716857
155399,Kansas State University,KS,Public,19406.0,27402.0,77624.0,15142.0,0.7108,57262.0,21250.0,1.3555935873703329,0.3711012538856484
129020,University of Connecticut,CT,Public,25097.0,39426.0,100388.0,19835.0,0.8329,73997.0,21500.0,1.3566495939024554,0.29055231968863604
178624,Northwest Missouri State University,MO,Public,16244.0,24945.0,64976.0,4378.0,0.5423,47885.0,21500.0,1.3569176151195572,0.4489923775712645
206525,Wittenberg University,OH,Private nonprofit,18649.0,57799.0,74596.0,1215.0,0.5269,54947.0,27000.0,1.357599140990409,0.491382605055781
230995,Norwich University,VT,Private nonprofit,22257.0,67357.0,89028.0,2428.0,0.6021,65575.0,25000.0,1.3576515440335493,0.3812428516965307
173665,Hamline University,MN,Private nonprofit,20744.0,58110.0,82976.0,1776.0,0.6045,61106.0,23770.0,1.3579026609498248,0.38899617058881286
143358,Bradley University,IL,Private nonprofit,22719.0,54730.0,90876.0,3574.0,0.7617,66852.0,27000.0,1.3593609764853707,0.40387722132471726
196103,SUNY College of Environmental Science and Forestry,NY,Public,18952.0,28133.0,75808.0,1839.0,0.6632,55763.0,11000.0,1.3594677474310923,0.1972634183957104
142328,Lewis-Clark State College,ID,Public,15635.0,21925.0,62540.0,2385.0,0.4017,46001.0,18500.0,1.3595356622682115,0.4021651703223843
127741,University of Northern Colorado,CO,Public,17760.0,29254.0,71040.0,5598.0,0.5124,52231.0,20470.0,1.3601118109934713,0.39191284869139015
210146,Southern Oregon University,OR,Public,16732.0,27636.0,66928.0,2751.0,0.4253,49175.0,20332.0,1.3610167768174886,0.41346212506354857
167394,College of Our Lady of the Elms,MA,Private nonprofit,17545.0,54027.0,70180.0,949.0,0.6809,51540.0,25000.0,1.3616608459448971,0.48506014745828485
221892,Trevecca Nazarene University,TN,Private nonprofit,16813.0,41548.0,67252.0,1737.0,0.5315,49378.0,18744.0,1.361983069383126,0.3796022520150674
213668,Lycoming College,PA,Private nonprofit,19140.0,64105.0,76560.0,996.0,0.5963,56210.0,27000.0,1.3620352250489236,0.4803415762319872
206084,University of Toledo,OH,Public,17249.0,26512.0,68996.0,9770.0,0.5704,50632.0,22250.0,1.3626955285195133,0.4394454100173803
209825,University of Portland,OR,Private nonprofit,28210.0,73224.0,112840.0,2957.0,0.7984,82804.0,21370.0,1.3627360997053282,0.2580793198396213
144351,Concordia University-Chicago,IL,Private nonprofit,18436.0,45383.0,73744.0,1323.0,0.3646,54089.0,23000.0,1.363382573166448,0.4252250919780362
219046,Black Hills State University,SD,Public,15911.0,21277.0,63644.0,1928.0,0.4263,46674.0,26000.0,1.3635857222436474,0.5570553198783048
439701,The King's University,TX,Private nonprofit,14140.0,18075.0,56560.0,251.0,0.4737,41471.0,27000.0,1.3638446143087941,0.6510573653878614
232681,University of Mary Washington,VA,Public,20667.0,31137.0,82668.0,3566.0,0.6641,60613.0,20500.0,1.3638658373616221,0.33821127480903435
218539,Presbyterian College,SC,Private nonprofit,20528.0,60242.0,82112.0,852.0,0.5146,60194.0,26000.0,1.3641226700335582,0.4319367378808519
210571,Albright College,PA,Private nonprofit,20024.0,43711.0,80096.0,1217.0,0.507,58700.0,27000.0,1.3644974446337308,0.4599659284497445
176080,Mississippi State University,MS,Public,17595.0,29267.0,70380.0,18397.0,0.6667,51513.0,22142.0,1.366257061324326,0.4298332459767437
155025,Emporia State University,KS,Public,16261.0,21967.0,65044.0,2239.0,0.561,47601.0,19500.0,1.3664418814730783,0.4096552593432911
215770,Saint Joseph's University - Philadelphia,PA,Private nonprofit,29689.0,67954.0,118756.0,4948.0,0.7884,86881.0,25500.0,1.3668811362668478,0.2935049090134782
233718,Sweet Briar College,VA,Private nonprofit,17758.0,43898.0,71032.0,443.0,0.5182,51943.0,27000.0,1.367498989276707,0.5198005506035462
232937,Norfolk State University,VA,Public,15282.0,26633.0,61128.0,5392.0,0.385,44666.0,29000.0,1.3685577396677562,0.649263421842117
208646,Eastern Oregon University,OR,Public,17148.0,26718.0,68592.0,2172.0,0.43,50112.0,20500.0,1.3687739463601531,0.4090836526181354
206437,Walsh University,OH,Private nonprofit,20493.0,47575.0,81972.0,1390.0,0.585,59764.0,27000.0,1.3715949400977177,0.4517769894920019
149505,Trinity Christian College,IL,Private nonprofit,19125.0,35012.0,76500.0,820.0,0.5752,55700.0,25009.0,1.3734290843806105,0.44899461400359064
100663,University of Alabama at Birmingham,AL,Public,18749.0,28145.0,74996.0,11635.0,0.6423,54501.0,22300.0,1.3760481459055798,0.4091668042788206
150534,University of Evansville,IN,Private nonprofit,18499.0,57451.0,73996.0,1539.0,0.6446,53770.0,24606.0,1.3761577087595314,0.4576157708759531
220598,Lane College,TN,Private nonprofit,10904.0,23441.0,43616.0,736.0,0.1839,31670.0,30500.0,1.377202399747395,0.9630565203662772
222983,Austin College,TX,Private nonprofit,21107.0,61607.0,84428.0,1165.0,0.6705,61296.0,24500.0,1.3773818846254242,0.3996998172800835
179159,Saint Louis University,MO,Private nonprofit,24398.0,71932.0,97592.0,7267.0,0.7953,70783.0,25000.0,1.3787491346792309,0.3531921506576438
200156,University of Jamestown,ND,Private nonprofit,19567.0,38013.0,78268.0,1041.0,0.4904,56621.0,27000.0,1.382313982444676,0.4768548771657159
234164,Virginia Union University,VA,Private nonprofit,13235.0,29075.0,52940.0,1203.0,0.3415,38275.0,29000.0,1.38314826910516,0.7576747224036577
187985,University of New Mexico-Main Campus,NM,Public,15489.0,21259.0,61956.0,17244.0,0.5469,44792.0,18450.0,1.3831934273977495,0.4119039114127523
156286,Bellarmine University,KY,Private nonprofit,21499.0,61691.0,85996.0,2161.0,0.6436,62069.0,25000.0,1.3854903413942548,0.40277755401247
213598,Lincoln University,PA,Public,14977.0,28505.0,59908.0,1539.0,0.4355,43167.0,28250.0,1.3878193990779994,0.6544351008872519
197142,Villa Maria College,NY,Private nonprofit,13494.0,36335.0,53976.0,603.0,0.3145,38857.0,21250.0,1.3890933422549347,0.5468770105772448
234155,Virginia State University,VA,Public,15840.0,27661.0,63360.0,5074.0,0.3944,45543.0,26500.0,1.3912127000856334,0.581867685484048
152673,Wabash College,IN,Private nonprofit,24336.0,65144.0,97344.0,866.0,0.7701,69952.0,27000.0,1.3915827996340349,0.3859789569990851
153658,University of Iowa,IA,Public,22531.0,28596.0,90124.0,22264.0,0.7463,64762.0,22500.0,1.3916185417374387,0.3474259596677064
145691,Illinois College,IL,Private nonprofit,18298.0,48955.0,73192.0,930.0,0.6382,52575.0,25565.0,1.3921445553970517,0.4862577270565858
241191,Universidad Adventista de las Antillas,PR,Private nonprofit,9919.0,16834.0,39676.0,830.0,0.3636,28465.0,15750.0,1.3938520990690322,0.553311083787107
173647,Gustavus Adolphus College,MN,Private nonprofit,22900.0,67613.0,91600.0,1878.0,0.7665,65607.0,26774.0,1.3961924794610332,0.40809669699879586
213543,Lehigh University,PA,Private nonprofit,36931.0,80856.0,147724.0,5898.0,0.8791,105584.0,21960.0,1.3991135020457646,0.20798605849371116
147660,North Central College,IL,Private nonprofit,21044.0,57219.0,84176.0,2428.0,0.64,60123.0,24500.0,1.4000632037656138,0.40749796251018744
243115,University of Puerto Rico-Arecibo,PR,Public,10680.0,17710.0,42720.0,2669.0,0.52,30512.0,4500.0,1.4001048767697954,0.14748295752490823
243212,University of Puerto Rico at Ponce,PR,Public,10990.0,17193.0,43960.0,2278.0,0.4618,31394.0,5500.0,1.400267567051029,0.1751927119831815
214689,Pennsylvania State University-Penn State Altoona,PA,Public,22213.0,32559.0,88852.0,2367.0,0.165,63435.0,25000.0,1.4006778592259794,0.39410420115078426
139199,Brenau University,GA,Private nonprofit,18924.0,46010.0,75696.0,1029.0,0.3291,54003.0,27000.0,1.4016999055608022,0.4999722237653464
237969,West Virginia Wesleyan College,WV,Private nonprofit,18083.0,48190.0,72332.0,954.0,0.5714,51593.0,27000.0,1.4019731358905279,0.5233268079002965
128391,Western Colorado University,CO,Public,16425.0,25736.0,65700.0,1586.0,0.505,46833.0,20250.0,1.402856959836013,0.43238741912753825
122436,University of San Diego,CA,Private nonprofit,30365.0,78720.0,121460.0,5671.0,0.8367,86522.0,22940.0,1.403804812648806,0.2651348789903146
152099,Oakland City University,IN,Private nonprofit,15210.0,42441.0,60840.0,499.0,0.6552,43283.0,16758.0,1.4056326964397108,0.3871727930134233
126818,Colorado State University-Fort Collins,CO,Public,21279.0,31642.0,85116.0,25538.0,0.6651,60543.0,20000.0,1.4058768148258263,0.33034372264341044
145619,Benedictine University,IL,Private nonprofit,22313.0,46713.0,89252.0,1942.0,0.5033,63446.0,22500.0,1.4067395895722346,0.35463228572329225
242626,Inter American University of Puerto Rico-Aguadilla,PR,Private nonprofit,8742.0,16057.0,34968.0,2906.0,0.4288,24776.0,6250.0,1.4113658379076526,0.2522602518566355
140696,Oglethorpe University,GA,Private nonprofit,19509.0,60581.0,78036.0,1352.0,0.541,55232.0,25000.0,1.4128765932792584,0.4526361529548088
179566,Missouri State University-Springfield,MO,Public,17613.0,25048.0,70452.0,13313.0,0.5791,49827.0,21992.0,1.4139322054307906,0.44136713027073676
163462,Mount St. Mary's University,MD,Private nonprofit,22655.0,63731.0,90620.0,1768.0,0.6539,64072.0,25391.0,1.4143463603446123,0.39628855038082156
238078,Wheeling University,WV,Private nonprofit,20503.0,42504.0,82012.0,589.0,0.2333,57949.0,25125.0,1.415244439075739,0.4335708985487239
162007,Bowie State University,MD,Public,19298.0,25220.0,77192.0,5043.0,0.382,54537.0,22985.0,1.4154060546051304,0.4214569925005042
123961,University of Southern California,CA,Private nonprofit,32740.0,90300.0,130960.0,20443.0,0.9183,92498.0,18000.0,1.4158143959869403,0.1945988021362624
207661,Rogers State University,OK,Public,15314.0,21064.0,61256.0,2657.0,0.2896,43166.0,20500.0,1.4190798313487467,0.47491080943335034
237932,West Liberty University,WV,Public,15366.0,23809.0,61464.0,1511.0,0.5953,43296.0,23250.0,1.4196230598669624,0.5370011086474501
194824,Rensselaer Polytechnic Institute,NY,Private nonprofit,36228.0,82404.0,144912.0,5714.0,0.8362,102051.0,23750.0,1.4199958844107359,0.23272677386796797
192323,Le Moyne College,NY,Private nonprofit,22277.0,53183.0,89108.0,2439.0,0.7313,62731.0,23000.0,1.4204779136312191,0.3666448805215922
178059,Maryville University of Saint Louis,MO,Private nonprofit,22066.0,41959.0,88264.0,5658.0,0.6622,62105.0,22000.0,1.4212060220594156,0.35423878914741164
153825,Loras College,IA,Private nonprofit,20716.0,50537.0,82864.0,1083.0,0.676,58289.0,26000.0,1.421606134948275,0.4460532862118067
139861,Georgia College & State University,GA,Public,20686.0,30258.0,82744.0,5947.0,0.6361,58140.0,22250.0,1.4231854145166838,0.3826969384244926
106412,University of Arkansas at Pine Bluff,AR,Public,12653.0,21129.0,50612.0,1807.0,0.4043,35550.0,24202.0,1.4236849507735583,0.6807876230661041
214731,Pennsylvania State University-Penn State Brandywine,PA,Public,22585.0,31088.0,90340.0,1223.0,0.2598,63435.0,25000.0,1.424134941278474,0.39410420115078426
174358,Minnesota State University Moorhead,MN,Public,17997.0,25197.0,71988.0,3072.0,0.5732,50527.0,20000.0,1.4247432066024106,0.39582797316286344
237385,Glenville State University,WV,Public,14006.0,23591.0,56024.0,1096.0,0.3392,39315.0,25000.0,1.4250031794480478,0.6358896095637797
220075,East Tennessee State University,TN,Public,15983.0,27042.0,63932.0,10004.0,0.5321,44859.0,19442.0,1.4251766646603803,0.4334024387525357
123651,Vanguard University of Southern California,CA,Private nonprofit,21241.0,52665.0,84964.0,1933.0,0.5677,59541.0,22000.0,1.4269830872843923,0.36949329033775047
192749,Manhattanville University,NY,Private nonprofit,20991.0,53499.0,83964.0,1362.0,0.5842,58832.0,25000.0,1.427182485722056,0.4249388088115311
225247,Hardin-Simmons University,TX,Private nonprofit,19555.0,45904.0,78220.0,1283.0,0.4604,54771.0,24711.0,1.4281280239542824,0.45116941447116177
102094,University of South Alabama,AL,Public,17648.0,25476.0,70592.0,8879.0,0.5267,49379.0,24929.0,1.4295955770671742,0.5048502399805586
199157,North Carolina Central University,NC,Public,15359.0,26556.0,61436.0,6081.0,0.4165,42968.0,28250.0,1.4298082293800036,0.6574660212250978
189097,Barnard College,NY,Private nonprofit,28800.0,89538.0,115200.0,3264.0,0.9302,80516.0,18000.0,1.4307715236723135,0.223558050573799
237215,Bluefield State University,WV,Public,13684.0,21839.0,54736.0,1042.0,0.37,38217.0,18250.0,1.432242195881414,0.47753617500065415
183044,University of New Hampshire-Main Campus,NH,Public,23805.0,35537.0,95220.0,11261.0,0.7607,66479.0,26814.0,1.4323320146211587,0.4033454173498398
186876,Stockton University,NJ,Public,20670.0,35139.0,82680.0,7537.0,0.6854,57602.0,20500.0,1.4353668275407103,0.3558904204715114
106704,University of Central Arkansas,AR,Public,16511.0,25029.0,66044.0,7762.0,0.5353,45938.0,20346.0,1.4376768688231965,0.44290130175453873
176789,Calvary University,MO,Private nonprofit,16334.0,23938.0,65336.0,154.0,0.5217,45421.0,20839.0,1.438453578741111,0.458796591884811
217624,Allen University,SC,Private nonprofit,10972.0,23998.0,43888.0,576.0,0.1331,30497.0,34290.0,1.439092369741286,1.1243728891366365
161253,University of Maine,ME,Public,17510.0,27328.0,70040.0,8496.0,0.5494,48653.0,25000.0,1.4395823484677204,0.5138429284936181
242617,Inter American University of Puerto Rico-San German,PR,Private nonprofit,9148.0,16380.0,36592.0,2569.0,0.4316,25416.0,8500.0,1.4397230091281084,0.3344350015738118
219356,South Dakota State University,SD,Public,19841.0,24636.0,79364.0,9198.0,0.6235,55070.0,23250.0,1.4411476302887234,0.4221899400762666
179557,Southeast Missouri State University,MO,Public,15882.0,25177.0,63528.0,6373.0,0.5793,44030.0,21500.0,1.4428344310697252,0.4883034294799001
204936,Otterbein University,OH,Private nonprofit,19237.0,48321.0,76948.0,2157.0,0.6788,53313.0,26000.0,1.4433252677583328,0.48768593026091195
143084,Augustana College,IL,Private nonprofit,22736.0,63553.0,90944.0,2490.0,0.7286,62971.0,27000.0,1.4442203554016928,0.42876879833574183
164270,McDaniel College,MD,Private nonprofit,21916.0,65294.0,87664.0,1617.0,0.6329,60663.0,25000.0,1.4450983301188534,0.41211282000560473
209551,University of Oregon,OR,Public,22182.0,34793.0,88728.0,20497.0,0.7169,61324.0,20139.0,1.4468723501402387,0.32840323527493315
231165,Vermont State University,VT,Public,18212.0,25988.0,72848.0,3590.0,0.4722,50331.0,15000.0,1.4473783552879935,0.2980270608571258
245953,Mid-America Christian University,OK,Private nonprofit,16692.0,31313.0,66768.0,1666.0,0.4423,46116.0,26394.0,1.4478272183190215,0.5723393182409576
177986,Logan University,MO,Private nonprofit,20218.0,26928.0,80872.0,229.0,0.2222,55838.0,10250.0,1.4483326766718005,0.18356674665998066
218229,Lander University,SC,Public,15363.0,27277.0,61452.0,3397.0,0.4977,42396.0,25000.0,1.4494763656948768,0.5896782715350505
155335,Newman University,KS,Private nonprofit,19971.0,46489.0,79884.0,851.0,0.5281,55041.0,20801.0,1.4513544448683708,0.37791827910103376
205443,Shawnee State University,OH,Public,14381.0,21974.0,57524.0,2247.0,0.4811,39596.0,23000.0,1.4527730073744822,0.5808667542175977
184773,Georgian Court University,NJ,Private nonprofit,19285.0,50671.0,77140.0,1195.0,0.5357,53096.0,21816.0,1.452840138616845,0.41087840891969263
216852,Widener University,PA,Private nonprofit,25759.0,70621.0,103036.0,2951.0,0.6832,70920.0,27000.0,1.452848279751833,0.38071065989847713
126614,University of Colorado Boulder,CO,Public,25346.0,37684.0,101384.0,31939.0,0.7419,69738.0,19500.0,1.453784163583699,0.2796179987954917
175342,Alcorn State University,MS,Public,13265.0,23751.0,53060.0,2363.0,0.5736,36421.0,27000.0,1.45685181625985,0.7413305510557097
232566,Longwood University,VA,Public,19066.0,34588.0,76264.0,3015.0,0.6123,52347.0,25000.0,1.4568934227367376,0.47758228742812386
174844,St Olaf College,MN,Private nonprofit,23874.0,71843.0,95496.0,3093.0,0.84,65543.0,26000.0,1.4569976961689273,0.39668614497352883
151777,Manchester University,IN,Private nonprofit,18805.0,49993.0,75220.0,936.0,0.4608,51504.0,26854.0,1.4604690897794346,0.5213963963963963
180258,University of Providence,MT,Private nonprofit,17649.0,43477.0,70596.0,528.0,0.2794,48296.0,18750.0,1.4617359615703165,0.38823090939208216
169983,Kettering University,MI,Private nonprofit,34660.0,61250.0,138640.0,1205.0,0.708,94823.0,27000.0,1.4620925302932832,0.28474104383957477
162760,Hood College,MD,Private nonprofit,20873.0,61219.0,83492.0,1194.0,0.569,57089.0,25000.0,1.462488395312582,0.4379127327506175
199218,University of North Carolina Wilmington,NC,Public,20109.0,26547.0,80436.0,14922.0,0.7059,54967.0,19500.0,1.4633507377153565,0.35475830953117327
243197,University of Puerto Rico-Mayaguez,PR,Public,17936.0,21637.0,71744.0,9539.0,0.491,48992.0,8250.0,1.464402351404311,0.16839483997387328
157216,Lindsey Wilson University,KY,Private nonprofit,15070.0,40879.0,60280.0,1585.0,0.4406,41129.0,16784.0,1.4656325220647233,0.4080818886916774
198215,Catawba College,NC,Private nonprofit,17879.0,49516.0,71516.0,1235.0,0.4729,48793.0,25000.0,1.4657020474248355,0.5123685774598815
157076,Kentucky Wesleyan College,KY,Private nonprofit,17131.0,46203.0,68524.0,842.0,0.468,46747.0,23250.0,1.4658480758123515,0.49735811923759815
198303,Chowan University,NC,Private nonprofit,14086.0,39027.0,56344.0,603.0,0.2995,38412.0,29491.0,1.466833281266271,0.7677548682703322
218663,University of South Carolina-Columbia,SC,Public,22811.0,31638.0,91244.0,29820.0,0.7882,62177.0,21500.0,1.4674879778696301,0.345787027357383
168847,Baker College,MI,Private nonprofit,13157.0,24526.0,52628.0,3026.0,0.3583,35833.0,25000.0,1.4687020344375297,0.6976809086596154
219091,Dakota Wesleyan University,SD,Private nonprofit,19735.0,43864.0,78940.0,670.0,0.4832,53728.0,27000.0,1.4692525312686122,0.5025312686122692
199847,Wake Forest University,NC,Private nonprofit,28719.0,87499.0,114876.0,5485.0,0.8915,78158.0,21500.0,1.4697919598761484,0.27508380460093657
131450,Gallaudet University,DC,Private nonprofit,15845.0,40374.0,63380.0,812.0,0.4726,43101.0,18000.0,1.4704995243729844,0.41762372102735434
157809,Thomas More University,KY,Private nonprofit,21835.0,49452.0,87340.0,1293.0,0.405,59384.0,26236.0,1.470766536440792,0.44180250572544794
214713,Pennsylvania State University-Penn State Harrisburg,PA,Public,23330.0,32521.0,93320.0,4031.0,0.2612,63435.0,25000.0,1.4711121620556475,0.39410420115078426
198561,Gardner-Webb University,NC,Private nonprofit,17674.0,47091.0,70696.0,1856.0,0.5539,48039.0,24222.0,1.4716376277607777,0.5042153250483982
216667,Washington & Jefferson College,PA,Private nonprofit,25002.0,42972.0,100008.0,1295.0,0.6952,67918.0,27000.0,1.4724815218351541,0.3975382078388645
239628,Ripon College,WI,Private nonprofit,20216.0,63540.0,80864.0,688.0,0.633,54902.0,27000.0,1.4728789479436086,0.491785363010455
177968,Lindenwood University,MO,Private nonprofit,19638.0,35436.0,78552.0,4624.0,0.4933,53278.0,26000.0,1.4743796689064905,0.4880063065430384
216807,Westminster College,PA,Private nonprofit,19859.0,53003.0,79436.0,1041.0,0.6455,53861.0,26060.0,1.4748333673715674,0.4838380275152708
203845,Marietta College,OH,Private nonprofit,21083.0,53709.0,84332.0,952.0,0.6138,57180.0,27000.0,1.474851346624694,0.472193074501574
225399,Houston Christian University,TX,Private nonprofit,20629.0,50082.0,82516.0,2886.0,0.4912,55933.0,22642.0,1.4752650492553592,0.40480574973629163
243577,Universidad Politecnica de Puerto Rico,PR,Private nonprofit,17540.0,23368.0,70160.0,3594.0,0.2808,47540.0,22564.0,1.475809844341607,0.47463188893563313
210669,Allegheny College,PA,Private nonprofit,22940.0,71348.0,91760.0,1156.0,0.7255,62069.0,27000.0,1.47835473424737,0.4349997583334676
191515,Hamilton College,NY,Private nonprofit,28985.0,84230.0,115940.0,2030.0,0.9063,78411.0,17000.0,1.4786190713037712,0.21680631544043566
221838,Tennessee State University,TN,Public,15796.0,25637.0,63184.0,4848.0,0.3399,42730.0,27000.0,1.4786800842499415,0.6318745611982214
216038,Slippery Rock University of Pennsylvania,PA,Public,19608.0,25537.0,78432.0,6788.0,0.6557,53032.0,25000.0,1.4789561019761652,0.4714134861970131
163046,Loyola University Maryland,MD,Private nonprofit,30574.0,74055.0,122296.0,3869.0,0.7919,82652.0,27000.0,1.4796496152543193,0.32667086095920245
199306,Pfeiffer University,NC,Private nonprofit,19076.0,45542.0,76304.0,655.0,0.3497,51562.0,26163.0,1.4798495015709243,0.5074085566890345
154350,Simpson College,IA,Private nonprofit,21936.0,61227.0,87744.0,1227.0,0.6333,59274.0,26000.0,1.480311772446604,0.43864088807909035
107600,Philander Smith University,AR,Private nonprofit,14224.0,28136.0,56896.0,751.0,0.3038,38427.0,24736.0,1.4806256017904078,0.643714055221589
134945,Jacksonville University,FL,Private nonprofit,25180.0,63969.0,100720.0,2930.0,0.5065,68010.0,22000.0,1.4809586825466843,0.32348184090574916
215655,Robert Morris University,PA,Private nonprofit,23003.0,51621.0,92012.0,2896.0,0.6569,62105.0,26950.0,1.48155543031962,0.43394251670557926
195030,University of Rochester,NY,Private nonprofit,29278.0,85962.0,117112.0,6331.0,0.8543,79042.0,21000.0,1.4816426709850459,0.2656815363983705
196149,State University of New York at Cortland,NY,Public,22345.0,28108.0,89380.0,5901.0,0.6803,60236.0,21500.0,1.4838302676140513,0.35692941098346503
228149,St. Mary's University,TX,Private nonprofit,21145.0,47999.0,84580.0,1951.0,0.5893,56955.0,25563.0,1.4850320428408392,0.4488280221227285
141167,Thomas University,GA,Private nonprofit,18499.0,23079.0,73996.0,998.0,0.2754,49716.0,21198.0,1.48837396411618,0.426381848901762
100858,Auburn University,AL,Public,24323.0,34919.0,97292.0,26816.0,0.8195,65337.0,21000.0,1.4890796945069409,0.32141053308232703
241766,Puerto Rico Conservatory of Music,PR,Public,7260.0,12920.0,29040.0,307.0,0.6667,19474.0,8875.0,1.4912190613125194,0.4557358529321146
188182,University of the Southwest,NM,Private nonprofit,16927.0,28210.0,67708.0,346.0,0.1698,45389.0,21303.0,1.491727070435568,0.469342792306506
168254,Western New England University,MA,Private nonprofit,27290.0,60262.0,109160.0,2603.0,0.6398,73157.0,25500.0,1.4921333570266686,0.3485654141093812
180179,Montana State University Billings,MT,Public,16524.0,20054.0,66096.0,2626.0,0.3004,44296.0,18209.0,1.492143760158931,0.41107549214376016
129215,Eastern Connecticut State University,CT,Public,21067.0,31983.0,84268.0,3418.0,0.5752,56469.0,24250.0,1.492287803927819,0.4294391613097452
127185,Fort Lewis College,CO,Public,17296.0,27030.0,69184.0,3079.0,0.3564,46349.0,18389.0,1.4926751386221926,0.39675073895876933
140988,Shorter University,GA,Private nonprofit,16646.0,35726.0,66584.0,1028.0,0.3769,44604.0,25000.0,1.49278091650973,0.5604878486234418
220516,King University,TN,Private nonprofit,22347.0,49004.0,89388.0,908.0,0.4787,59831.0,22750.0,1.4940081228794437,0.38023766943557685
216366,Thomas Jefferson University,PA,Private nonprofit,28928.0,64197.0,115712.0,3755.0,0.6857,77449.0,14744.0,1.494041240041834,0.19037043732004286
178721,Park University,MO,Private nonprofit,21032.0,29427.0,84128.0,4555.0,0.3843,56309.0,21685.0,1.4940418050400468,0.38510717647267756
184782,Rowan University,NJ,Public,22408.0,35842.0,89632.0,15841.0,0.6736,59988.0,20500.0,1.49416549976662,0.34173501366940057
155973,Tabor College,KS,Private nonprofit,20205.0,50350.0,80820.0,494.0,0.3374,54058.0,23887.0,1.4950608605571793,0.44187724296126385
106306,Arkansas Baptist College,AR,Private nonprofit,10627.0,23060.0,42508.0,342.0,0.0739,28418.0,25375.0,1.4958125131958617,0.8929199802941797
172334,Spring Arbor University,MI,Private nonprofit,19353.0,44703.0,77412.0,1010.0,0.6354,51732.0,26375.0,1.4964045465089306,0.5098391711126575
137546,Stetson University,FL,Private nonprofit,19372.0,72533.0,77488.0,2297.0,0.6229,51642.0,23250.0,1.5004841020874482,0.450214941326827
217749,Bob Jones University,SC,Private nonprofit,16641.0,36580.0,66564.0,2005.0,0.6475,44354.0,16585.0,1.5007440140686297,0.37392343418857377
242635,Inter American University of Puerto Rico-Arecibo,PR,Private nonprofit,9217.0,16625.0,36868.0,2220.0,0.3892,24539.0,9000.0,1.5024247116834426,0.36676311178124615
204909,Ohio Wesleyan University,OH,Private nonprofit,20897.0,68424.0,83588.0,1516.0,0.5857,55624.0,27000.0,1.5027326333956565,0.48540198475478213
242644,Inter American University of Puerto Rico-Barranquitas,PR,Private nonprofit,8726.0,16051.0,34904.0,937.0,0.3802,23204.0,5200.0,1.5042234097569385,0.22409929322530597
214041,Millersville University of Pennsylvania,PA,Public,20787.0,26913.0,83148.0,5728.0,0.5763,55246.0,23507.0,1.5050501393766065,0.4254968685515693
213385,Lafayette College,PA,Private nonprofit,34433.0,83133.0,137732.0,2757.0,0.8759,91410.0,16000.0,1.5067498085548627,0.17503555409692595
193353,Mount Saint Mary College,NY,Private nonprofit,25522.0,55014.0,102088.0,1148.0,0.6546,67705.0,26007.0,1.5078354626689314,0.3841222952514585
236896,Walla Walla University,WA,Private nonprofit,23329.0,45903.0,93316.0,1252.0,0.599,61885.0,26842.0,1.507893673749697,0.4337400016159005
211608,Cheyney University of Pennsylvania,PA,Public,14265.0,26782.0,57060.0,617.0,0.4059,37837.0,21785.0,1.5080476781985888,0.5757591775246452
187134,The College of New Jersey,NJ,Public,27646.0,38860.0,110584.0,7105.0,0.8585,73323.0,23250.0,1.5081761520941588,0.317090135428174
180489,The University of Montana,MT,Public,16784.0,23570.0,67136.0,7488.0,0.4796,44511.0,22400.0,1.5083013187751342,0.5032463885331716
218919,Voorhees University,SC,Private nonprofit,13335.0,25574.0,53340.0,440.0,0.4295,35339.0,26700.0,1.5093805710404935,0.7555392059764
168591,Alma College,MI,Private nonprofit,20694.0,63650.0,82776.0,1148.0,0.6287,54742.0,27000.0,1.5121113587373498,0.4932227540097183
107141,John Brown University,AR,Private nonprofit,20397.0,44710.0,81588.0,1471.0,0.7179,53907.0,21250.0,1.51349546441093,0.3941974140649637
155812,University of Saint Mary,KS,Private nonprofit,22519.0,48728.0,90076.0,925.0,0.4776,59483.0,22018.0,1.5143150143738546,0.37015617907637477
100751,The University of Alabama,AL,Public,22420.0,33382.0,89680.0,33227.0,0.7337,59221.0,22750.0,1.5143276878134446,0.3841542696003107
206941,University of Central Oklahoma,OK,Public,18309.0,26392.0,73236.0,10170.0,0.3676,48351.0,21000.0,1.5146739467642862,0.43432400570825835
219790,Bryan College-Dayton,TN,Private nonprofit,20614.0,31270.0,82456.0,814.0,0.4974,54434.0,23000.0,1.5147885512731014,0.42253003637432485
215743,Saint Francis University,PA,Private nonprofit,23526.0,59815.0,94104.0,1557.0,0.7439,62101.0,27000.0,1.5153379172638122,0.4347756074781404
130493,Southern Connecticut State University,CT,Public,20857.0,29673.0,83428.0,6295.0,0.4993,55043.0,22250.0,1.5156877350435114,0.40422942063477646
161226,University of Maine at Farmington,ME,Public,16857.0,25822.0,67428.0,1140.0,0.5154,44433.0,24499.0,1.517520761596111,0.5513694776404924
236577,Seattle Pacific University,WA,Private nonprofit,24488.0,56826.0,97952.0,1762.0,0.6195,64506.0,24000.0,1.5184944036213686,0.37205841317086785
217891,Clinton College,SC,Private nonprofit,11458.0,25015.0,45832.0,126.0,0.1405,30180.0,28987.0,1.518621603711067,0.9604705102717032
197197,Wagner College,NY,Private nonprofit,28241.0,65574.0,112964.0,1651.0,0.6514,74360.0,25000.0,1.5191500806885423,0.33620225927918235
224004,Concordia University Texas,TX,Private nonprofit,23131.0,53020.0,92524.0,1185.0,0.446,60883.0,21852.0,1.5197017229768572,0.3589179245437971
180878,Bryan College of Health Sciences,NE,Private nonprofit,26919.0,32845.0,107676.0,553.0,0.7,70845.0,24985.0,1.5198814312936693,0.3526713247229868
199209,North Carolina Wesleyan University,NC,Private nonprofit,17432.0,49974.0,69728.0,1214.0,0.4197,45873.0,25000.0,1.5200226712881215,0.5449828875373314
186867,Stevens Institute of Technology,NJ,Private nonprofit,41346.0,79790.0,165384.0,4222.0,0.8688,108772.0,27000.0,1.5204648255065643,0.24822564630603464
231712,Christopher Newport University,VA,Public,23015.0,33766.0,92060.0,4365.0,0.7164,60509.0,25000.0,1.5214265646432763,0.41316167842800244
216764,West Chester University of Pennsylvania,PA,Public,23331.0,28394.0,93324.0,14164.0,0.7051,61258.0,23500.0,1.5234581605667832,0.3836233634790558
150145,Bethel University,IN,Private nonprofit,18610.0,43885.0,74440.0,1008.0,0.5322,48860.0,25000.0,1.5235366352844864,0.511665984445354
171881,Kuyper College,MI,Private nonprofit,15644.0,38366.0,62576.0,145.0,0.5,41066.0,21389.0,1.5237909706326402,0.5208444942288024
106245,University of Arkansas at Little Rock,AR,Public,17248.0,22519.0,68992.0,4949.0,0.4165,45265.0,22000.0,1.524179829890644,0.48602673147023084
151801,Indiana Wesleyan University-Marion,IN,Private nonprofit,22866.0,44776.0,91464.0,1974.0,0.6671,59986.0,24250.0,1.5247557763478146,0.40426099423198747
184348,Drew University,NJ,Private nonprofit,24280.0,65301.0,97120.0,1533.0,0.7048,63646.0,25288.0,1.5259403576029915,0.39732269113534235
183974,Centenary University,NJ,Private nonprofit,20503.0,52362.0,82012.0,910.0,0.5605,53726.0,23163.0,1.5264862450210326,0.43113204035290176
240107,Viterbo University,WI,Private nonprofit,21260.0,45558.0,85040.0,1249.0,0.6838,55660.0,25000.0,1.5278476464247215,0.44915558749550843
219471,University of South Dakota,SD,Public,19858.0,24422.0,79432.0,5439.0,0.5991,51926.0,23592.0,1.529715364172091,0.4543388668489774
180692,The University of Montana-Western,MT,Public,16558.0,21403.0,66232.0,1198.0,0.5125,43229.0,21000.0,1.532119641907053,0.48578500543616554
212601,Gannon University,PA,Private nonprofit,22553.0,52869.0,90212.0,2365.0,0.6636,58845.0,27000.0,1.5330444387798454,0.45883252612796327
153001,Buena Vista University,IA,Private nonprofit,18846.0,54222.0,75384.0,1366.0,0.6169,49156.0,25000.0,1.5335666042802507,0.5085849133371307
130590,Trinity College,CT,Private nonprofit,34832.0,87840.0,139328.0,2146.0,0.8377,90779.0,23000.0,1.5348043049603983,0.25336256182597294
214704,Pennsylvania State University-Penn State Berks,PA,Public,24356.0,32242.0,97424.0,1872.0,0.3152,63435.0,25000.0,1.5358083077165603,0.39410420115078426
198598,Greensboro College,NC,Private nonprofit,17882.0,35165.0,71528.0,708.0,0.462,46566.0,25607.0,1.536056350126702,0.549907657947859
229814,West Texas A & M University,TX,Public,19487.0,23482.0,77948.0,6917.0,0.5504,50741.0,19500.0,1.5361936106895804,0.3843046057428904
241614,Universidad Teologica del Caribe,PR,Private nonprofit,9045.0,11510.0,36180.0,173.0,0.3889,23536.0,12050.0,1.537219578518015,0.511981645139361
154518,Waldorf University,IA,Private nonprofit,19693.0,39675.0,78772.0,1827.0,0.2114,51165.0,18752.0,1.5395680641063227,0.3665005374767908
123554,Saint Mary's College of California,CA,Private nonprofit,30378.0,77659.0,121512.0,1947.0,0.703,78812.0,23691.0,1.541795665634675,0.30060143125412375
179043,Rockhurst University,MO,Private nonprofit,25884.0,59898.0,103536.0,1580.0,0.7456,67102.0,18250.0,1.542964442192483,0.27197400971655095
153834,Luther College,IA,Private nonprofit,23097.0,65461.0,92388.0,1379.0,0.7112,59850.0,27000.0,1.5436591478696742,0.45112781954887216
498571,Pennsylvania Western University,PA,Public,18256.0,26916.0,73024.0,7451.0,0.5188,47295.0,23725.0,1.5440109948197485,0.5016386510201924
214591,Pennsylvania State University-Penn State Erie-Behrend College,PA,Public,24558.0,34081.0,98232.0,3240.0,0.4363,63435.0,25000.0,1.5485457554977535,0.39410420115078426
209409,Bushnell University,OR,Private nonprofit,20789.0,47143.0,83156.0,517.0,0.56,53623.0,23500.0,1.5507524756168063,0.4382447830222106
203128,Hiram College,OH,Private nonprofit,21058.0,40572.0,84232.0,777.0,0.5451,54311.0,27000.0,1.5509197031908821,0.4971368599362928
180106,Carroll College,MT,Private nonprofit,23960.0,55626.0,95840.0,1092.0,0.6929,61772.0,25757.0,1.5515120119147834,0.41696885320209803
224323,University of Dallas,TX,Private nonprofit,22610.0,68583.0,90440.0,1403.0,0.7307,58285.0,23117.0,1.5516856824225786,0.39662005661834093
204617,Ohio Dominican University,OH,Private nonprofit,20079.0,47621.0,80316.0,760.0,0.4102,51748.0,26000.0,1.5520599829945119,0.502434876710211
213321,King's College,PA,Private nonprofit,23093.0,57973.0,92372.0,1484.0,0.5989,59498.0,27000.0,1.552522773874752,0.4537967662778581
199184,University of North Carolina School of the Arts,NC,Public,14906.0,26470.0,59624.0,945.0,0.7778,38357.0,23870.0,1.554448992361238,0.6223114425007169
173452,Martin Luther College,MN,Private nonprofit,18463.0,29250.0,73852.0,725.0,0.715,47491.0,20177.0,1.5550735928912847,0.42485944705312584
190983,Elmira College,NY,Private nonprofit,22386.0,52449.0,89544.0,708.0,0.6471,57550.0,27000.0,1.555933970460469,0.46915725456125107
147828,Olivet Nazarene University,IL,Private nonprofit,20729.0,51981.0,82916.0,2603.0,0.6084,53213.0,25000.0,1.5581906676939845,0.4698100088324282
207157,Randall University,OK,Private nonprofit,16383.0,26126.0,65532.0,267.0,0.2639,42051.0,22626.0,1.558393379467789,0.5380609260184063
177117,Cottey College,MO,Private nonprofit,13805.0,39269.0,55220.0,254.0,0.5625,35422.0,19043.0,1.558918186437807,0.5376037490824911
176318,Rust College,MS,Private nonprofit,12587.0,23107.0,50348.0,467.0,0.1179,32275.0,26159.0,1.5599690162664601,0.8105034856700233
196866,Union College,NY,Private nonprofit,34561.0,84561.0,138244.0,2046.0,0.8039,88604.0,25337.0,1.560245587106677,0.2859577445713512
153366,Graceland University-Lamoni,IA,Private nonprofit,18504.0,48294.0,74016.0,798.0,0.4195,47361.0,21212.0,1.5628048394248433,0.44787905660775745
202480,University of Dayton,OH,Private nonprofit,29533.0,65881.0,118132.0,7682.0,0.8018,75537.0,23250.0,1.563895839125197,0.3077961793558124
107558,University of the Ozarks,AR,Private nonprofit,17360.0,38666.0,69440.0,767.0,0.5148,44384.0,20875.0,1.5645277577505408,0.4703271449170872
165671,Emmanuel College,MA,Private nonprofit,26706.0,65252.0,106824.0,1854.0,0.6751,68245.0,27000.0,1.565301487288446,0.3956333797347791
228529,Tarleton State University,TX,Public,20783.0,24100.0,83132.0,12673.0,0.4821,53040.0,19606.0,1.5673453996983409,0.3696455505279035
215798,Saint Vincent College,PA,Private nonprofit,23510.0,56752.0,94040.0,1259.0,0.6859,59982.0,27000.0,1.567803674435664,0.45013504051215364
219383,University of Sioux Falls,SD,Private nonprofit,21383.0,34274.0,85532.0,1218.0,0.6291,54521.0,23249.0,1.568790007520038,0.42642284624273213
169479,Davenport University,MI,Private nonprofit,17707.0,37319.0,70828.0,3134.0,0.5659,45099.0,26000.0,1.5705004545555334,0.5765094569724384
220710,Maryville College,TN,Private nonprofit,19360.0,54622.0,77440.0,1005.0,0.5,49279.0,25375.0,1.5714604598307595,0.5149252216968688
102368,Troy University,AL,Public,16527.0,23165.0,66108.0,9805.0,0.503,42062.0,25000.0,1.5716799010983786,0.5943607056250297
234173,Virginia Wesleyan University,VA,Private nonprofit,19676.0,51255.0,78704.0,1256.0,0.4164,50074.0,27000.0,1.5717538043695332,0.5392019810680193
195128,Russell Sage College,NY,Private nonprofit,22917.0,50607.0,91668.0,1244.0,0.561,58316.0,22000.0,1.5719185129295563,0.37725495575828244
206589,The College of Wooster,OH,Private nonprofit,23458.0,75656.0,93832.0,1730.0,0.7394,59629.0,26500.0,1.5735967398413524,0.4444146304650422
144962,Elmhurst University,IL,Private nonprofit,24185.0,54679.0,96740.0,3006.0,0.7,61462.0,20489.0,1.5739806709836972,0.3333604503595718
201690,Central State University,OH,Public,13096.0,21929.0,52384.0,2620.0,0.2281,33267.0,30739.0,1.5746535605855654,0.9240087774671597
164562,Assumption University,MA,Private nonprofit,29498.0,65551.0,117992.0,1669.0,0.7523,74895.0,27000.0,1.5754322718472529,0.3605047065892249
169080,Calvin University,MI,Private nonprofit,22992.0,54222.0,91968.0,3193.0,0.7406,58375.0,23250.0,1.5754689507494646,0.39828693790149894
199962,Wingate University,NC,Private nonprofit,20748.0,57473.0,82992.0,2668.0,0.4635,52649.0,25000.0,1.5763262360158787,0.47484282702425495
131496,Georgetown University,DC,Private nonprofit,40815.0,88741.0,163260.0,7569.0,0.9481,103494.0,15500.0,1.5774827526233406,0.14976713625910681
232609,University of Lynchburg,VA,Private nonprofit,22235.0,50067.0,88940.0,1577.0,0.5736,56380.0,27000.0,1.5775097552323518,0.47889322454771194
143288,Blackburn College,IL,Private nonprofit,18460.0,37916.0,73840.0,471.0,0.5749,46802.0,24242.0,1.577710354258365,0.517969317550532
174914,University of St Thomas,MN,Private nonprofit,29155.0,66116.0,116620.0,6245.0,0.7638,73739.0,23250.0,1.5815240239222121,0.3153012652734645
154688,Baker University,KS,Private nonprofit,25301.0,50918.0,101204.0,1100.0,0.5779,63855.0,25000.0,1.5849032965312035,0.39151201941899616
237312,University of Charleston,WV,Private nonprofit,22107.0,46470.0,88428.0,2259.0,0.4555,55774.0,19500.0,1.5854699322264854,0.3496252734248933
191931,Iona University,NY,Private nonprofit,29188.0,60247.0,116752.0,2951.0,0.56,73595.0,25999.0,1.5864121203886135,0.3532712820164413
213349,Kutztown University of Pennsylvania,PA,Public,21331.0,29866.0,85324.0,6180.0,0.5382,53775.0,26000.0,1.5866852626685262,0.48349604834960486
154493,Upper Iowa University,IA,Private nonprofit,20942.0,34022.0,83768.0,1994.0,0.3389,52766.0,25000.0,1.5875374294052988,0.4737899404919835
102234,Spring Hill College,AL,Private nonprofit,20449.0,39936.0,81796.0,782.0,0.521,51500.0,27000.0,1.5882718446601942,0.5242718446601942
229780,Wayland Baptist University,TX,Private nonprofit,20590.0,36323.0,82360.0,2041.0,0.1929,51838.0,23106.0,1.5887958640379645,0.445734789150816
213358,La Roche University,PA,Private nonprofit,20794.0,47111.0,83176.0,751.0,0.5721,52341.0,25000.0,1.5891175178158614,0.4776370340650733
145646,Illinois Wesleyan University,IL,Private nonprofit,28199.0,70700.0,112796.0,1582.0,0.747,70871.0,27000.0,1.5915677780756585,0.38097388212385885
167783,Simmons University,MA,Private nonprofit,25265.0,63460.0,101060.0,1670.0,0.7234,63494.0,24840.0,1.591646454783129,0.3912180678489306
186283,Rider University,NJ,Private nonprofit,24792.0,55967.0,99168.0,3106.0,0.6133,62208.0,26130.0,1.5941358024691359,0.4200424382716049
184694,Fairleigh Dickinson University-Florham Campus,NJ,Private nonprofit,22829.0,54204.0,91316.0,1990.0,0.6662,57273.0,25000.0,1.5943987568313167,0.4365058579086131
242680,Inter American University of Puerto Rico-Fajardo,PR,Private nonprofit,9230.0,16190.0,36920.0,1072.0,0.3767,23132.0,5750.0,1.596057409648971,0.2485734048071935
199069,University of Mount Olive,NC,Private nonprofit,18853.0,38569.0,75412.0,1796.0,0.5178,47139.0,27209.0,1.5997793758883303,0.5772078321559643
107080,Hendrix College,AR,Private nonprofit,24149.0,55013.0,96596.0,1100.0,0.7235,60376.0,26688.0,1.599907247913078,0.4420299456737777
153320,Faith Baptist Bible College and Theological Seminary,IA,Private nonprofit,16282.0,32722.0,65128.0,405.0,0.6753,40650.0,12971.0,1.6021648216482165,0.31908979089790895
157818,Transylvania University,KY,Private nonprofit,21913.0,60993.0,87652.0,1005.0,0.7148,54705.0,27000.0,1.6022667032263962,0.49355634768302714
177339,Evangel University,MO,Private nonprofit,18669.0,39956.0,74676.0,1229.0,0.6503,46573.0,24736.0,1.6034182895669165,0.5311231829600842
164924,Boston College,MA,Private nonprofit,41704.0,89493.0,166816.0,10085.0,0.9083,103937.0,19000.0,1.6049722428009274,0.18280304415174578
226587,McMurry University,TX,Private nonprofit,19581.0,43778.0,78324.0,1176.0,0.4429,48779.0,27000.0,1.605690973574694,0.553516882264909
225627,University of the Incarnate Word,TX,Private nonprofit,22775.0,48681.0,91100.0,4440.0,0.5098,56733.0,27000.0,1.6057673664357606,0.47591348950346357
206862,Southern Nazarene University,OK,Private nonprofit,22084.0,46465.0,88336.0,1455.0,0.5051,54951.0,21900.0,1.6075412640352313,0.39853687830976686
142294,The College of Idaho,ID,Private nonprofit,19481.0,50542.0,77924.0,1041.0,0.6254,48473.0,24500.0,1.607575351226456,0.505436015926392
232025,Emory & Henry University,VA,Private nonprofit,19061.0,52854.0,76244.0,1078.0,0.5634,47385.0,26332.0,1.6090323942175795,0.5557032816292076
239105,Marquette University,WI,Private nonprofit,31487.0,66768.0,125948.0,7660.0,0.8321,78257.0,23940.0,1.6094151321926473,0.3059151258034425
201371,Bluffton University,OH,Private nonprofit,19943.0,51862.0,79772.0,582.0,0.5294,49547.0,27000.0,1.6100268431993865,0.544937130401437
131469,George Washington University,DC,Private nonprofit,36586.0,83856.0,146344.0,11182.0,0.8398,90873.0,20449.0,1.610423338065212,0.22502833624949103
180595,Rocky Mountain College,MT,Private nonprofit,19751.0,46093.0,79004.0,840.0,0.4841,49036.0,26000.0,1.6111428338363651,0.5302226935312832
151263,University of Indianapolis,IN,Private nonprofit,21602.0,52590.0,86408.0,3005.0,0.5582,53610.0,26864.0,1.6117888453646707,0.5011005409438538
234030,Virginia Commonwealth University,VA,Public,23433.0,38954.0,93732.0,20753.0,0.6318,58128.0,21500.0,1.6125103220478942,0.3698733828791632
204264,Muskingum University,OH,Private nonprofit,19532.0,44658.0,78128.0,1376.0,0.5637,48440.0,25369.0,1.6128819157720893,0.5237200660611065
140234,LaGrange College,GA,Private nonprofit,20875.0,49681.0,83500.0,636.0,0.4692,51745.0,25730.0,1.613682481399169,0.49724611073533675
219000,Augustana University,SD,Private nonprofit,23894.0,55159.0,95576.0,1965.0,0.7297,59217.0,25000.0,1.6139959808838678,0.42217606430585813
131283,The Catholic University of America,DC,Private nonprofit,29561.0,75481.0,118244.0,3154.0,0.7947,73250.0,26000.0,1.6142525597269624,0.35494880546075086
132471,Barry University,FL,Private nonprofit,22613.0,50778.0,90452.0,2212.0,0.3787,55966.0,26997.0,1.616195547296573,0.4823821605975056
238333,Beloit College,WI,Private nonprofit,21526.0,71365.0,86104.0,926.0,0.7105,53260.0,25738.0,1.6166729252722494,0.48325197146075854
148131,Quincy University,IL,Private nonprofit,20359.0,50091.0,81436.0,1010.0,0.4504,50369.0,24000.0,1.6167881037940002,0.4764835513907364
150756,Hanover College,IN,Private nonprofit,21829.0,58821.0,87316.0,1031.0,0.6713,53957.0,25250.0,1.6182515706951832,0.46796523157328984
153269,Drake University,IA,Private nonprofit,29127.0,64835.0,116508.0,2543.0,0.7403,71901.0,23000.0,1.6203947093920807,0.31988428533678254
173045,Augsburg University,MN,Private nonprofit,23873.0,62303.0,95492.0,2494.0,0.5167,58829.0,25347.0,1.6232130411871697,0.4308589301194989
236133,Northwest University,WA,Private nonprofit,22288.0,50501.0,89152.0,645.0,0.7078,54914.0,20891.0,1.6234839931529301,0.3804312197253888
118693,Menlo College,CA,Private nonprofit,31100.0,72020.0,124400.0,752.0,0.535,76419.0,21750.0,1.6278674151716197,0.2846150826365171
243443,Universidad del Sagrado Corazon,PR,Private nonprofit,12924.0,19728.0,51696.0,4442.0,0.5207,31754.0,16250.0,1.6280153681425962,0.5117465516155445
211431,Carlow University,PA,Private nonprofit,20786.0,49327.0,83144.0,1348.0,0.5992,51051.0,25500.0,1.6286458639399817,0.4995004995004995
188429,Adelphi University,NY,Private nonprofit,30783.0,63189.0,123132.0,5276.0,0.6715,75482.0,25000.0,1.6312763307808484,0.3312047905460905
130697,Wesleyan University,CT,Private nonprofit,30177.0,89020.0,120708.0,3067.0,0.9264,73897.0,17000.0,1.6334627928062033,0.23004993436810697
220631,Lincoln Memorial University,TN,Private nonprofit,20406.0,41530.0,81624.0,1572.0,0.4966,49956.0,20000.0,1.6339178477059813,0.4003523100328289
169327,Cleary University,MI,Private nonprofit,22143.0,39718.0,88572.0,738.0,0.4146,54186.0,19500.0,1.6345919610231425,0.3598715535378142
140447,Mercer University,GA,Private nonprofit,23847.0,58204.0,95388.0,4500.0,0.6962,58354.0,24199.0,1.6346437262227096,0.4146930801658841
151786,Marian University,IN,Private nonprofit,24018.0,56258.0,96072.0,2266.0,0.6722,58759.0,27000.0,1.6350176143229123,0.4595040759713406
107877,Williams Baptist University,AR,Private nonprofit,15745.0,33597.0,62980.0,478.0,0.2564,38484.0,21820.0,1.6365242698264213,0.5669888784949589
230807,Westminster University,UT,Private nonprofit,27094.0,57616.0,108376.0,823.0,0.6381,66215.0,22250.0,1.636728837876614,0.33602658008004227
212832,Gwynedd Mercy University,PA,Private nonprofit,27483.0,55786.0,109932.0,1067.0,0.5688,67145.0,25000.0,1.6372328542706085,0.37232854270608384
199607,Salem College,NC,Private nonprofit,18277.0,48532.0,73108.0,423.0,0.5743,44640.0,26649.0,1.6377240143369176,0.5969758064516129
148405,Rockford University,IL,Private nonprofit,22436.0,49169.0,89744.0,972.0,0.472,54794.0,22274.0,1.6378435595138154,0.406504361791437
213987,Mercyhurst University,PA,Private nonprofit,19444.0,59557.0,77776.0,2191.0,0.6017,47452.0,25305.0,1.6390457725701761,0.5332757312652786
239080,Marian University,WI,Private nonprofit,21937.0,44450.0,87748.0,1010.0,0.4416,53501.0,25000.0,1.6401188762826864,0.467280985402142
233374,University of Richmond,VA,Private nonprofit,31309.0,80961.0,125236.0,2980.0,0.852,76178.0,21000.0,1.6439917036414713,0.2756701409855864
204857,Ohio University-Main Campus,OH,Public,21637.0,30586.0,86548.0,19633.0,0.6545,52581.0,21056.0,1.6459938000418401,0.4004488313269052
231059,Saint Michael's College,VT,Private nonprofit,25239.0,69079.0,100956.0,1092.0,0.7277,61317.0,26922.0,1.6464601986398553,0.4390625764469886
101709,University of Montevallo,AL,Public,17683.0,27398.0,70732.0,2151.0,0.541,42957.0,24000.0,1.646576809367507,0.5586982331168378
228042,Schreiner University,TX,Private nonprofit,21507.0,48004.0,86028.0,1053.0,0.4318,52228.0,23250.0,1.6471624416022057,0.44516351382400243
153375,Grand View University,IA,Private nonprofit,21774.0,48522.0,87096.0,1486.0,0.5399,52824.0,22500.0,1.6487960018173557,0.4259427532939573
230959,Middlebury College,VT,Private nonprofit,31483.0,85880.0,125932.0,2738.0,0.914,76310.0,13857.0,1.6502686410693226,0.18158825841960424
106810,Crowley's Ridge College,AR,Private nonprofit,16315.0,27340.0,65260.0,165.0,0.3585,39533.0,26228.0,1.650772772114436,0.6634457288847292
150604,Franklin College,IN,Private nonprofit,22855.0,54178.0,91420.0,900.0,0.603,55376.0,27000.0,1.650895694885871,0.4875758451314649
168227,Wentworth Institute of Technology,MA,Private nonprofit,34170.0,61096.0,136680.0,3747.0,0.6824,82721.0,25028.0,1.652301108545593,0.3025592050386238
219082,Dakota State University,SD,Public,21057.0,25753.0,84228.0,2071.0,0.513,50970.0,23500.0,1.6525014714537964,0.4610555228565823
121691,University of Redlands,CA,Private nonprofit,30031.0,76630.0,120124.0,2049.0,0.6727,72690.0,26000.0,1.6525519328655935,0.3576833126977576
239390,Mount Mary University,WI,Private nonprofit,20144.0,49270.0,80576.0,631.0,0.4296,48745.0,25288.0,1.6530105651861728,0.5187814134783054
198862,Livingstone College,NC,Private nonprofit,13479.0,28305.0,53916.0,924.0,0.2819,32600.0,31125.0,1.6538650306748466,0.9547546012269938
150941,Huntington University,IN,Private nonprofit,19310.0,42157.0,77240.0,1082.0,0.636,46672.0,25576.0,1.6549537195749058,0.5479945149125814
176910,Central Christian College of the Bible,MO,Private nonprofit,14356.0,24748.0,57424.0,154.0,0.2195,34675.0,17500.0,1.6560634462869503,0.5046863734679163
216524,Ursinus College,PA,Private nonprofit,30536.0,76815.0,122144.0,1491.0,0.7328,73721.0,27000.0,1.6568413342195576,0.36624571017756136
148487,Roosevelt University,IL,Private nonprofit,20194.0,35332.0,80776.0,2849.0,0.3514,48712.0,22000.0,1.6582361635736573,0.45163409426835277
154235,Saint Ambrose University,IA,Private nonprofit,24691.0,51141.0,98764.0,1916.0,0.6103,59531.0,25000.0,1.6590347885975374,0.4199492701281685
139144,Berry College,GA,Private nonprofit,22320.0,56697.0,89280.0,2245.0,0.6949,53800.0,23250.0,1.6594795539033458,0.43215613382899626
215691,Rosemont College,PA,Private nonprofit,20150.0,38498.0,80600.0,486.0,0.5714,48555.0,27000.0,1.6599732262382865,0.5560704355885079
196033,SUNY College of Agriculture and Technology at Cobleskill,NY,Public,18701.0,27786.0,74804.0,1904.0,0.4234,45030.0,16023.0,1.6612036420164336,0.3558294470353098
201104,Ashland University,OH,Private nonprofit,21988.0,43434.0,87952.0,2199.0,0.6063,52928.0,25000.0,1.6617291414752116,0.4723397823458283
203580,Lake Erie College,OH,Private nonprofit,20961.0,50790.0,83844.0,852.0,0.3795,50417.0,26000.0,1.6630104924926117,0.5156990697582164
168421,Worcester Polytechnic Institute,MA,Private nonprofit,43071.0,78679.0,172284.0,5447.0,0.8971,103470.0,27000.0,1.665062336909249,0.2609452015076834
133872,AdventHealth University,FL,Private nonprofit,30135.0,38408.0,120540.0,1361.0,0.3889,72282.0,24590.0,1.6676350958744917,0.3401953460059213
201548,Capital University,OH,Private nonprofit,22576.0,57130.0,90304.0,1585.0,0.6027,54143.0,26889.0,1.6678795042757144,0.4966292964926214
113698,Dominican University of California,CA,Private nonprofit,35333.0,71751.0,141332.0,1114.0,0.7805,84713.0,27000.0,1.6683625889768985,0.31872321839623197
145372,Greenville University,IL,Private nonprofit,19533.0,45091.0,78132.0,955.0,0.3982,46827.0,23875.0,1.6685245691588186,0.5098554252888291
192192,Keuka College,NY,Private nonprofit,24338.0,54760.0,97352.0,966.0,0.5836,58289.0,27000.0,1.6701607507419924,0.4632091818353377
237181,Bethany College,WV,Private nonprofit,18605.0,50758.0,74420.0,614.0,0.4682,44512.0,27000.0,1.6719086987778577,0.6065780014378145
207458,Oklahoma City University,OK,Private nonprofit,22857.0,47247.0,91428.0,1514.0,0.6488,54655.0,20835.0,1.672820418991858,0.3812094044460708
214175,Muhlenberg College,PA,Private nonprofit,28905.0,77270.0,115620.0,1727.0,0.8223,69107.0,25455.0,1.6730577220831464,0.3683418467014919
142115,Boise State University,ID,Public,21610.0,28224.0,86440.0,17674.0,0.602,51658.0,20500.0,1.6733129428162143,0.39684076038561306
178369,Missouri Valley College,MO,Private nonprofit,18086.0,37899.0,72344.0,1443.0,0.2244,43221.0,25950.0,1.6738159690891001,0.6004025820781564
107044,Harding University,AR,Private nonprofit,22130.0,39534.0,88520.0,3382.0,0.6879,52876.0,26500.0,1.6741054542703684,0.5011725546561767
219806,Carson-Newman University,TN,Private nonprofit,20251.0,49024.0,81004.0,1387.0,0.5324,48382.0,21500.0,1.6742590219503122,0.4443801413748915
213826,Marywood University,PA,Private nonprofit,23388.0,55582.0,93552.0,1784.0,0.7165,55817.0,26186.0,1.6760485156851854,0.46914022609599226
140818,Piedmont University,GA,Private nonprofit,20599.0,46801.0,82396.0,1117.0,0.4741,49130.0,25000.0,1.6771015672705067,0.5088540606554041
196219,SUNY at Purchase College,NY,Public,18913.0,29043.0,75652.0,3197.0,0.6277,45092.0,21067.0,1.6777255388982524,0.4672003903131376
239017,Lawrence University,WI,Private nonprofit,23401.0,69849.0,93604.0,1396.0,0.7677,55789.0,26000.0,1.6778217928265429,0.4660416928068257
161563,Thomas College,ME,Private nonprofit,18885.0,47198.0,75540.0,647.0,0.5369,44991.0,24250.0,1.6790024671600987,0.5389966882265342
173300,Concordia College at Moorhead,MN,Private nonprofit,24902.0,45942.0,99608.0,1829.0,0.6107,59317.0,26847.0,1.67924878196807,0.4526021208085372
152318,Rose-Hulman Institute of Technology,IN,Private nonprofit,42513.0,77890.0,170052.0,2309.0,0.7816,101253.0,25000.0,1.6794761636692246,0.24690626450574304
194958,Roberts Wesleyan University,NY,Private nonprofit,23130.0,52919.0,92520.0,1149.0,0.6667,55031.0,23750.0,1.681234213443332,0.4315749304937217
237358,Davis & Elkins College,WV,Private nonprofit,18273.0,44888.0,73092.0,661.0,0.3929,43411.0,27000.0,1.683720715947571,0.621962175485476
216010,Shippensburg University of Pennsylvania,PA,Public,23726.0,30785.0,94904.0,4086.0,0.557,56351.0,25000.0,1.6841582225692535,0.4436478500825185
174747,College of Saint Benedict,MN,Private nonprofit,26640.0,68453.0,106560.0,1370.0,0.7712,63260.0,26944.0,1.684476762567183,0.42592475497944987
157535,University of Pikeville,KY,Private nonprofit,20311.0,33420.0,81244.0,1135.0,0.4167,48231.0,20679.0,1.6844767887872945,0.42874914474093423
213251,Juniata College,PA,Private nonprofit,23988.0,71850.0,95952.0,1191.0,0.735,56918.0,27000.0,1.685793597807372,0.4743666326996732
147013,McKendree University,IL,Private nonprofit,24717.0,48845.0,98868.0,1752.0,0.5333,58572.0,23250.0,1.6879737758656013,0.39694734685515265
233426,Roanoke College,VA,Private nonprofit,24503.0,54283.0,98012.0,1767.0,0.6736,58047.0,27000.0,1.688493806742812,0.4651403173290609
211273,Bryn Mawr College,PA,Private nonprofit,31759.0,83250.0,127036.0,1359.0,0.8179,75217.0,25000.0,1.6889267053990453,0.33237167129771195
160977,Bates College,ME,Private nonprofit,29351.0,83532.0,117404.0,1760.0,0.8969,69498.0,14275.0,1.6893148004259115,0.20540159429048319
174899,The College of Saint Scholastica,MN,Private nonprofit,27846.0,55103.0,111384.0,1765.0,0.7053,65934.0,20000.0,1.6893256893256894,0.30333363666697
180461,Montana State University,MT,Public,22499.0,25905.0,89996.0,14451.0,0.5708,53263.0,22500.0,1.6896532301973226,0.4224320823085444
243142,University of Puerto Rico-Carolina,PR,Public,12945.0,19396.0,51780.0,2404.0,0.3727,30626.0,5500.0,1.690720303010514,0.17958597270293214
149781,Wheaton College,IL,Private nonprofit,26975.0,59263.0,107900.0,2121.0,0.8475,63756.0,23250.0,1.6923897358679967,0.3646715603237342
162654,Goucher College,MD,Private nonprofit,22470.0,70544.0,89880.0,964.0,0.5734,53023.0,26000.0,1.6951134413367783,0.4903532429323124
238193,Alverno College,WI,Private nonprofit,22540.0,51362.0,90160.0,631.0,0.4918,53145.0,27000.0,1.6964907329005552,0.5080440304826418
203085,Heidelberg University,OH,Private nonprofit,20556.0,47025.0,82224.0,915.0,0.5198,48466.0,27000.0,1.6965295258531754,0.5570915693475839
167996,Stonehill College,MA,Private nonprofit,33016.0,72714.0,132064.0,2528.0,0.76,77745.0,25000.0,1.698681587240337,0.32156408772268313
497037,Abilene Christian University-Undergraduate Online,TX,Private nonprofit,23698.0,30295.0,94792.0,1219.0,,55736.0,24250.0,1.7007320223912732,0.4350868379503373
240338,Wisconsin Lutheran College,WI,Private nonprofit,23245.0,48785.0,92980.0,943.0,0.6357,54664.0,26000.0,1.7009366310551735,0.47563295770525393
164216,Washington College,MD,Private nonprofit,27898.0,73314.0,111592.0,891.0,0.6537,65518.0,26956.0,1.7032265942183826,0.41142892029671235
195216,St Lawrence University,NY,Private nonprofit,28651.0,82000.0,114604.0,1918.0,0.7906,67258.0,27000.0,1.7039459989889678,0.40143923399446907
152390,Saint Mary's College,IN,Private nonprofit,25292.0,66478.0,101168.0,1458.0,0.6933,59354.0,27000.0,1.7044849546787073,0.4548977322505644
111966,Charles R Drew University of Medicine and Science,CA,Private nonprofit,35558.0,39834.0,142232.0,282.0,0.2963,83438.0,18750.0,1.7046429684316498,0.22471775450034756
229063,Texas Southern University,TX,Public,16590.0,27052.0,66360.0,6844.0,0.2216,38924.0,29000.0,1.7048607542904122,0.7450416195663344
212197,Elizabethtown College,PA,Private nonprofit,26598.0,50865.0,106392.0,1868.0,0.7617,62399.0,27000.0,1.7050273241558358,0.4326992419750317
164173,Stevenson University,MD,Private nonprofit,26505.0,58394.0,106020.0,3102.0,0.6849,62079.0,26000.0,1.7078239018025418,0.4188211794648754
181002,Creighton University,NE,Private nonprofit,31568.0,63423.0,126272.0,4348.0,0.8336,73911.0,25000.0,1.7084331155037815,0.33824464558726036
110361,California Baptist University,CA,Private nonprofit,26285.0,54038.0,105140.0,8179.0,0.6188,61504.0,26063.0,1.7094823100936525,0.4237610561914672
232265,Hampton University,VA,Private nonprofit,25319.0,46027.0,101276.0,3727.0,0.5716,59159.0,25442.0,1.71192886965635,0.43006136006355755
203775,Malone University,OH,Private nonprofit,20948.0,49754.0,83792.0,798.0,0.4498,48909.0,26289.0,1.7132225152834857,0.5375084340305465
166124,College of the Holy Cross,MA,Private nonprofit,38782.0,80334.0,155128.0,3106.0,0.8733,90543.0,27000.0,1.713307489259247,0.29820085484245057
138275,Warner University,FL,Private nonprofit,19748.0,41044.0,78992.0,756.0,0.4213,46086.0,22250.0,1.7140129323438789,0.4827930391008115
221351,Rhodes College,TN,Private nonprofit,28585.0,71136.0,114340.0,1836.0,0.8453,66651.0,21761.0,1.7155031432386612,0.32649172555550554
147244,Millikin University,IL,Private nonprofit,21989.0,57475.0,87956.0,1382.0,0.5494,51262.0,27000.0,1.7158128828371892,0.5267059420233311
170037,Cornerstone University,MI,Private nonprofit,20301.0,42043.0,81204.0,1298.0,0.6187,47314.0,25000.0,1.7162784799425117,0.5283848332417467
215947,Seton Hill University,PA,Private nonprofit,22204.0,56183.0,88816.0,1492.0,0.6736,51748.0,27000.0,1.7163175388420808,0.5217592950452191
243179,University of Puerto Rico-Humacao,PR,Public,12675.0,19547.0,50700.0,2529.0,0.4712,29521.0,5500.0,1.7174214965617696,0.186308051895261
221519,The University of the South,TN,Private nonprofit,27872.0,71986.0,111488.0,1607.0,0.7979,64911.0,22855.0,1.7175517246691623,0.3520974873288041
228468,Southwestern Adventist University,TX,Private nonprofit,22778.0,35592.0,91112.0,570.0,0.5234,52946.0,26998.0,1.720847656102444,0.5099157632304612
153108,Central College,IA,Private nonprofit,23377.0,37773.0,93508.0,1070.0,0.6619,54317.0,26984.0,1.7215236482132665,0.49678737780068855
167835,Smith College,MA,Private nonprofit,27579.0,86030.0,110316.0,2544.0,0.8905,64027.0,17550.0,1.7229606259859123,0.2741031127493089
102270,Stillman College,AL,Private nonprofit,15258.0,26107.0,61032.0,706.0,0.25,35421.0,29067.0,1.7230456508850682,0.820614889472347
213507,Lebanon Valley College,PA,Private nonprofit,26979.0,66497.0,107916.0,1684.0,0.6496,62621.0,27000.0,1.7233196531514987,0.4311652640488015
181738,Union Adventist University,NE,Private nonprofit,23716.0,42099.0,94864.0,471.0,0.5226,55045.0,27000.0,1.7233899536742665,0.49050776637296756
195809,St. John's University-New York,NY,Private nonprofit,29999.0,65527.0,119996.0,9477.0,0.6609,69571.0,25000.0,1.7247991260726452,0.35934512943611563
189413,Boricua College,NY,Private nonprofit,15245.0,24213.0,60980.0,391.0,0.806,35348.0,6733.0,1.7251329636754555,0.19047753762589115
232706,Marymount University,VA,Private nonprofit,29137.0,57184.0,116548.0,1810.0,0.5351,67516.0,25000.0,1.7262278571005392,0.3702825996800758
171492,Northwood University,MI,Private nonprofit,27232.0,48780.0,108928.0,1974.0,0.6332,63075.0,20842.0,1.7269599682917163,0.330432025366627
112075,Concordia University-Irvine,CA,Private nonprofit,28115.0,58682.0,112460.0,1536.0,0.5831,65083.0,24247.0,1.7279473902555198,0.3725550450962617
195720,St. John Fisher University,NY,Private nonprofit,28945.0,55201.0,115780.0,2565.0,0.7417,66944.0,23250.0,1.729505258126195,0.3473052103250478
492962,Indiana Institute of Technology-College of Professional Studies,IN,Private nonprofit,20473.0,26033.0,81892.0,2686.0,0.28,47327.0,26391.0,1.7303442009846388,0.5576309506201534
153977,Mercy College of Health Sciences,IA,Private nonprofit,26924.0,34398.0,107696.0,867.0,0.6552,62234.0,14745.0,1.7305010123083844,0.23692836713050744
238980,Lakeland University,WI,Private nonprofit,24212.0,48840.0,96848.0,1212.0,0.4245,55961.0,25000.0,1.7306338342774432,0.446739693715266
207403,Oklahoma Baptist University,OK,Private nonprofit,20958.0,48695.0,83832.0,1308.0,0.5237,48434.0,24801.0,1.7308502291778503,0.5120576454556717
125763,Whittier College,CA,Private nonprofit,25757.0,63664.0,103028.0,764.0,0.5996,59492.0,24937.0,1.731795871713844,0.41916560209776105
107512,Ouachita Baptist University,AR,Private nonprofit,22409.0,47321.0,89636.0,1602.0,0.614,51673.0,21050.0,1.7346776846709113,0.40736941923248116
100654,Alabama A & M University,AL,Public,17621.0,27153.0,70484.0,6124.0,0.2403,40628.0,31000.0,1.7348626562961504,0.7630205769420104
227429,Paul Quinn College,TX,Private nonprofit,12709.0,23587.0,50836.0,620.0,0.2687,29288.0,23373.0,1.7357279431849222,0.7980401529636711
211291,Bucknell University,PA,Private nonprofit,40766.0,83756.0,163064.0,3876.0,0.8632,93807.0,27000.0,1.7382924515228075,0.2878250023985417
227845,Saint Edward's University,TX,Private nonprofit,25578.0,66719.0,102312.0,2493.0,0.6259,58826.0,24803.0,1.7392309523000034,0.42163329140176115
160630,Southern University at New Orleans,LA,Public,14810.0,23905.0,59240.0,1055.0,0.1311,34042.0,31000.0,1.7402032783032724,0.9106397978967158
216597,Villanova University,PA,Private nonprofit,43756.0,84793.0,175024.0,6938.0,0.9186,100423.0,25874.0,1.742867669756928,0.25765013990818836
186618,Saint Elizabeth University,NJ,Private nonprofit,23125.0,53075.0,92500.0,557.0,0.511,53038.0,24934.0,1.7440325804140429,0.47011576605452693
215929,University of Scranton,PA,Private nonprofit,32568.0,69552.0,130272.0,3554.0,0.7979,74652.0,27000.0,1.7450570647805819,0.3616781867866902
198950,Meredith College,NC,Private nonprofit,22488.0,57313.0,89952.0,1188.0,0.7007,51539.0,25000.0,1.7453190787558936,0.48506955897475695
220613,Lee University,TN,Private nonprofit,18878.0,35688.0,75512.0,2617.0,0.6259,43222.0,25750.0,1.7470732497339319,0.5957614177964925
173142,Bethany Lutheran College,MN,Private nonprofit,20148.0,41013.0,80592.0,669.0,0.5486,46110.0,23000.0,1.7478204294079376,0.49880720017349817
238661,Edgewood University,WI,Private nonprofit,26113.0,50903.0,104452.0,1107.0,0.6024,59728.0,24424.0,1.7487945352263594,0.4089204393249397
216931,Wilkes University,PA,Private nonprofit,27743.0,56765.0,110972.0,1985.0,0.6317,63454.0,26000.0,1.7488574400353012,0.40974564251268636
101675,Miles College,AL,Private nonprofit,14271.0,21154.0,57084.0,1155.0,0.158,32627.0,31217.0,1.7495938946271492,0.9567842584362645
204185,University of Mount Union,OH,Private nonprofit,23280.0,49276.0,93120.0,1995.0,0.5865,53217.0,27000.0,1.7498167878685382,0.5073566717402334
164447,American International College,MA,Private nonprofit,23274.0,59270.0,93096.0,1017.0,0.4591,53124.0,27000.0,1.7524282810029366,0.508244861079738
110413,California Lutheran University,CA,Private nonprofit,30109.0,68426.0,120436.0,2296.0,0.696,68712.0,21669.0,1.7527651647456048,0.31535976248690184
168005,Suffolk University,MA,Private nonprofit,29618.0,65281.0,118472.0,4268.0,0.6088,67506.0,26889.0,1.7549847420969988,0.39832014932006043
152992,Briar Cliff University,IA,Private nonprofit,23907.0,51493.0,95628.0,624.0,0.4751,54475.0,23250.0,1.7554474529600734,0.4268012849931161
150677,Grace College and Theological Seminary,IN,Private nonprofit,19932.0,41838.0,79728.0,1464.0,0.6877,45411.0,19500.0,1.7556979586443813,0.42941137609830216
194310,Pace University,NY,Private nonprofit,30892.0,69550.0,123568.0,7665.0,0.6003,70378.0,23250.0,1.7557759527124954,0.3303589189803632
191676,Houghton University,NY,Private nonprofit,20519.0,31143.0,82076.0,753.0,0.6522,46721.0,25250.0,1.7567260974722287,0.5404421994392243
138600,Agnes Scott College,GA,Private nonprofit,24754.0,63283.0,99016.0,836.0,0.7068,56274.0,26749.0,1.759533710061485,0.47533496819134946
137032,Saint Leo University,FL,Private nonprofit,21293.0,45264.0,85172.0,6721.0,0.45,48364.0,25278.0,1.761061946902655,0.5226614837482425
212674,Gettysburg College,PA,Private nonprofit,31490.0,81960.0,125960.0,2099.0,0.8253,71517.0,26999.0,1.761259560663898,0.37751863193366614
168281,Wheaton College (Massachusetts),MA,Private nonprofit,29822.0,79311.0,119288.0,1773.0,0.7282,67725.0,26000.0,1.761358434846807,0.3839055001845699
170967,Rochester Christian University,MI,Private nonprofit,21456.0,41787.0,85824.0,792.0,0.4412,48707.0,24475.0,1.7620465230870306,0.5024945079762663
201654,Cedarville University,OH,Private nonprofit,24468.0,49320.0,97872.0,4024.0,0.7253,55443.0,20937.0,1.765272441967426,0.3776310805692333
210401,Willamette University,OR,Private nonprofit,25121.0,67501.0,100484.0,1592.0,0.7124,56911.0,21500.0,1.7656340601992584,0.37778285392982025
218070,Furman University,SC,Private nonprofit,30308.0,76798.0,121232.0,2379.0,0.7876,68635.0,23250.0,1.7663291323668682,0.3387484519559991
217873,Claflin University,SC,Private nonprofit,17800.0,33530.0,71200.0,1706.0,0.516,40304.0,29000.0,1.7665740373163954,0.7195315601429139
153126,Clarke University,IA,Private nonprofit,24479.0,55782.0,97916.0,742.0,0.5612,55396.0,26717.0,1.7675644450862877,0.4822911401545238
153162,Cornell College,IA,Private nonprofit,23634.0,66249.0,94536.0,1086.0,0.6182,53460.0,27000.0,1.7683501683501683,0.5050505050505051
216339,Temple University,PA,Public,28198.0,40903.0,112792.0,20970.0,0.7505,63727.0,24395.0,1.7699248356269712,0.3828047766252923
155414,Kansas Wesleyan University,KS,Private nonprofit,22671.0,47437.0,90684.0,956.0,0.4863,51152.0,23250.0,1.7728339067876133,0.4545276822020644
195474,Siena University,NY,Private nonprofit,33733.0,64870.0,134932.0,3409.0,0.7473,76079.0,26561.0,1.7735774655292524,0.349123936960265
106342,Lyon College,AR,Private nonprofit,19616.0,44978.0,78464.0,648.0,0.4676,44232.0,21500.0,1.7739193344185205,0.48607343100018086
152567,Trine University,IN,Private nonprofit,25355.0,51109.0,101420.0,2324.0,0.6438,57165.0,25000.0,1.7741625120265896,0.4373305344179131
233611,Southern Virginia University,VA,Private nonprofit,22213.0,34431.0,88852.0,936.0,0.3347,50002.0,24224.0,1.7769689212431503,0.484460621575137
443049,Faith International University,WA,Private nonprofit,22662.0,31368.0,90648.0,276.0,0.25,51006.0,17650.0,1.7772026820374074,0.3460377210524252
207324,Oklahoma Christian University,OK,Private nonprofit,21872.0,39106.0,87488.0,1885.0,0.5551,49203.0,26000.0,1.7781029612015526,0.5284230636343312
198899,Mars Hill University,NC,Private nonprofit,19910.0,50099.0,79640.0,1044.0,0.4487,44781.0,26000.0,1.7784328174895603,0.5806033808981488
231420,Averett University,VA,Private nonprofit,22925.0,53460.0,91700.0,1231.0,0.4814,51516.0,25000.0,1.7800295053963817,0.4852861246991226
235316,Gonzaga University,WA,Private nonprofit,35119.0,73178.0,140476.0,5198.0,0.8629,78892.0,24454.0,1.7806114688434822,0.30996805759772855
229160,Texas Wesleyan University,TX,Private nonprofit,24066.0,57451.0,96264.0,1741.0,0.3154,54053.0,23125.0,1.7809187279151943,0.4278208425064289
217934,Columbia College,SC,Private nonprofit,18408.0,35258.0,73632.0,1343.0,0.3688,41338.0,22750.0,1.78121824955247,0.5503410905220378
219976,Lipscomb University,TN,Private nonprofit,24739.0,55117.0,98956.0,2997.0,0.7216,55541.0,19500.0,1.781674798797285,0.3510919861003583
241395,Pontifical Catholic University of Puerto Rico-Arecibo,PR,Private nonprofit,11117.0,18678.0,44468.0,273.0,0.5395,24908.0,15500.0,1.785289866709491,0.6222900273004657
171599,The University of Olivet,MI,Private nonprofit,21393.0,47069.0,85572.0,892.0,0.3527,47907.0,27000.0,1.7862107833928236,0.563591959421379
198136,Campbell University,NC,Private nonprofit,24516.0,62187.0,98064.0,2680.0,0.6096,54886.0,22500.0,1.7866851291768393,0.40994060416135264
159656,Loyola University New Orleans,LA,Private nonprofit,23696.0,64157.0,94784.0,2812.0,0.5903,52927.0,26000.0,1.7908439926691482,0.49124265497761066
231651,Regent University,VA,Private nonprofit,19923.0,32838.0,79692.0,4729.0,0.5692,44498.0,24534.0,1.7909119510989258,0.5513506224998876
173160,Bethel University,MN,Private nonprofit,28556.0,58569.0,114224.0,1871.0,0.7138,63764.0,21500.0,1.7913556238629949,0.33718085440060225
186584,Seton Hall University,NJ,Private nonprofit,31446.0,68263.0,125784.0,6036.0,0.6949,70196.0,22750.0,1.7918969741865634,0.32409254088552053
232043,Eastern Mennonite University,VA,Private nonprofit,24588.0,56756.0,98352.0,754.0,0.67,54869.0,24813.0,1.792487561282327,0.4522225664765168
239716,Saint Norbert College,WI,Private nonprofit,26172.0,59422.0,104688.0,1662.0,0.7129,58363.0,26731.0,1.7937391840721004,0.45801278207083257
125727,Westmont College,CA,Private nonprofit,29053.0,71150.0,116212.0,1302.0,0.7035,64778.0,23250.0,1.7940041372070765,0.358918151224181
146427,Knox College,IL,Private nonprofit,24595.0,68134.0,98380.0,1127.0,0.6773,54820.0,27000.0,1.7946005107624954,0.4925209777453484
193900,New York University,NY,Private nonprofit,37050.0,84374.0,148200.0,28663.0,0.8757,82509.0,20500.0,1.7961676907973676,0.24845774400368445
144740,DePaul University,IL,Private nonprofit,30902.0,63052.0,123608.0,14090.0,0.678,68751.0,23168.0,1.7979083940597227,0.3369841893208826
216357,Thiel College,PA,Private nonprofit,22347.0,53202.0,89388.0,788.0,0.4873,49714.0,27000.0,1.7980448163495193,0.5431065695779861
218414,Newberry College,SC,Private nonprofit,21656.0,46442.0,86624.0,1479.0,0.4514,48040.0,26805.0,1.803164029975021,0.5579725228975854
174154,Herzing University-Minneapolis,MN,Private nonprofit,16670.0,26163.0,66680.0,740.0,0.4667,36909.0,21500.0,1.8066054349887561,0.5825137500338671
204194,Mount Vernon Nazarene University,OH,Private nonprofit,22421.0,49858.0,89684.0,1358.0,0.6811,49555.0,25000.0,1.8097871052366057,0.504489960649783
166939,Mount Holyoke College,MA,Private nonprofit,26441.0,84926.0,105764.0,2169.0,0.8439,58418.0,22902.0,1.810469375877298,0.3920367010168099
236452,Saint Martin's University,WA,Private nonprofit,28119.0,62449.0,112476.0,1158.0,0.519,62092.0,22500.0,1.811441087418669,0.3623655221284546
224527,East Texas Baptist University,TX,Private nonprofit,23911.0,44211.0,95644.0,1352.0,0.4712,52788.0,23250.0,1.811851178298098,0.44044100932030006
237066,Whitworth University,WA,Private nonprofit,26534.0,68516.0,106136.0,1858.0,0.7089,58561.0,25000.0,1.8124007445228052,0.42690527825686037
221661,Southern Adventist University,TN,Private nonprofit,24345.0,38618.0,97380.0,2773.0,0.4939,53723.0,24500.0,1.8126314613852539,0.4560430355713568
232089,Ferrum College,VA,Private nonprofit,20082.0,54526.0,80328.0,699.0,0.319,44296.0,27000.0,1.8134368791764492,0.6095358497381254
198835,Lenoir-Rhyne University,NC,Private nonprofit,20689.0,44621.0,82756.0,1359.0,0.4778,45543.0,26000.0,1.8170959313176558,0.5708890499088773
220215,Freed-Hardeman University,TN,Private nonprofit,21574.0,38315.0,86296.0,1212.0,0.7078,47485.0,21500.0,1.8173317889859957,0.4527745603874908
226383,Lubbock Christian University,TX,Private nonprofit,24456.0,41944.0,97824.0,1252.0,0.5136,53787.0,20948.0,1.8187294327625634,0.3894621376912637
212054,Drexel University,PA,Private nonprofit,38509.0,76835.0,154036.0,13233.0,0.7816,84648.0,25325.0,1.8197240336452132,0.29918013420281636
101435,Huntingdon College,AL,Private nonprofit,22566.0,40908.0,90264.0,879.0,0.4798,49601.0,27000.0,1.819802020120562,0.5443438640349993
178208,Midwestern Baptist Theological Seminary,MO,Private nonprofit,23006.0,29080.0,92024.0,747.0,0.4828,50535.0,15675.0,1.8209953497575937,0.3101810626298605
185572,Monmouth University,NJ,Private nonprofit,30988.0,62904.0,123952.0,3684.0,0.719,67991.0,27000.0,1.8230648174023032,0.3971113823888456
195003,Rochester Institute of Technology,NY,Private nonprofit,34906.0,74626.0,139624.0,13215.0,0.6989,76571.0,26778.0,1.8234579671154876,0.34971464392524587
183822,Bloomfield College of Montclair State University,NJ,Public,28014.0,42035.0,112056.0,781.0,0.3811,61415.0,22000.0,1.8245705446552145,0.3582186762191647
153278,University of Dubuque,IA,Private nonprofit,23386.0,53806.0,93544.0,1440.0,0.4008,51190.0,25750.0,1.8273881617503418,0.5030279351435827
168528,Adrian College,MI,Private nonprofit,25368.0,56003.0,101472.0,1604.0,0.4842,55504.0,27000.0,1.8281925626981839,0.48645142692418564
180984,Concordia University-Nebraska,NE,Private nonprofit,23965.0,53292.0,95860.0,1283.0,0.6489,52415.0,25750.0,1.8288657826957933,0.4912715825622436
203368,John Carroll University,OH,Private nonprofit,28746.0,65827.0,114984.0,2274.0,0.7855,62860.0,26000.0,1.829207763283487,0.41361756283805284
228981,Texas Lutheran University,TX,Private nonprofit,24654.0,50002.0,98616.0,1304.0,0.5385,53863.0,25000.0,1.83086720011882,0.4641405046135566
217165,Bryant University,RI,Private nonprofit,41219.0,69964.0,164876.0,3194.0,0.7975,90008.0,26849.0,1.8317927295351524,0.29829570704826236
203517,Kent State University at Kent,OH,Public,20787.0,30567.0,83148.0,19320.0,0.6372,45388.0,24500.0,1.8319379571692957,0.5397902529302899
486901,Milligan University,TN,Private nonprofit,21365.0,52511.0,85460.0,818.0,0.6343,46641.0,25219.0,1.832293475697348,0.5407045303488347
156189,Alice Lloyd College,KY,Private nonprofit,18600.0,31200.0,74400.0,558.0,0.3892,40573.0,19599.0,1.833731792078476,0.48305523377615656
122931,Santa Clara University,CA,Private nonprofit,50062.0,82026.0,200248.0,6552.0,0.8792,109183.0,19162.0,1.8340584156874238,0.17550351245157214
191630,Hobart William Smith Colleges,NY,Private nonprofit,31563.0,82602.0,126252.0,1786.0,0.7725,68831.0,27000.0,1.8342316688701312,0.39226511310310763
183910,Caldwell University,NJ,Private nonprofit,24691.0,54073.0,98764.0,1575.0,0.5749,53843.0,25000.0,1.8342960087662277,0.46431290975614287
225575,Huston-Tillotson University,TX,Private nonprofit,19719.0,25384.0,78876.0,1005.0,0.3394,42937.0,30750.0,1.8370170249435218,0.7161655448680625
215293,University of Pittsburgh-Pittsburgh Campus,PA,Public,30434.0,38105.0,121736.0,20370.0,0.855,66125.0,24250.0,1.8409981096408317,0.3667296786389414
165334,Clark University,MA,Private nonprofit,28714.0,68432.0,114856.0,2214.0,0.7694,62381.0,26759.0,1.8412016479376734,0.42896074125134254
236595,Seattle University,WA,Private nonprofit,34662.0,72124.0,138648.0,4062.0,0.7551,75272.0,19883.0,1.841959825698799,0.26414868742693165
122612,University of San Francisco,CA,Private nonprofit,41431.0,80141.0,165724.0,5287.0,0.7006,89812.0,23000.0,1.845232262949272,0.2560905001558812
219198,Mount Marty University,SD,Private nonprofit,22227.0,48247.0,88908.0,697.0,0.5238,48179.0,26396.0,1.8453683139957242,0.5478735548683036
243586,Pontifical Catholic University of Puerto Rico-Mayaguez,PR,Private nonprofit,11502.0,18605.0,46008.0,555.0,0.3989,24908.0,15500.0,1.8471173920025694,0.6222900273004657
154590,William Penn University,IA,Private nonprofit,22601.0,42874.0,90404.0,1301.0,0.3262,48936.0,22415.0,1.8473925126696094,0.4580472453817231
165015,Brandeis University,MA,Private nonprofit,35736.0,86448.0,142944.0,3618.0,0.8603,77231.0,25648.0,1.8508629954292966,0.3320946252152633
160621,Southern University and A & M College,LA,Public,20077.0,26341.0,80308.0,5519.0,0.2709,43371.0,29251.0,1.8516520255470246,0.6744368356736068
146481,Lake Forest College,IL,Private nonprofit,28673.0,70655.0,114692.0,1813.0,0.7778,61825.0,26158.0,1.8551071572988274,0.4230974524868581
199272,William Peace University,NC,Private nonprofit,21649.0,49362.0,86596.0,666.0,0.4481,46643.0,22250.0,1.856570117702549,0.4770276354436893
210304,Warner Pacific University,OR,Private nonprofit,25629.0,38948.0,102516.0,375.0,0.4918,55204.0,25000.0,1.8570393449750018,0.45286573436707483
176947,Central Methodist University-College of Liberal Arts and Sciences,MO,Private nonprofit,22766.0,43635.0,91064.0,1040.0,0.5123,48991.0,17619.0,1.8587903900716458,0.3596374844359168
226471,University of Mary Hardin-Baylor,TX,Private nonprofit,26106.0,46874.0,104424.0,2759.0,0.4931,56132.0,26000.0,1.860329223972066,0.4631939000926388
156365,Campbellsville University,KY,Private nonprofit,19341.0,42603.0,77364.0,2840.0,0.4201,41583.0,17156.0,1.8604718274294785,0.41257244547050476
170301,Hope College,MI,Private nonprofit,27182.0,55646.0,108728.0,3288.0,0.7995,58427.0,26800.0,1.860920464853578,0.45869204306228284
195526,Skidmore College,NY,Private nonprofit,32297.0,85270.0,129188.0,2694.0,0.8257,69363.0,19500.0,1.862491530066462,0.28112970892262445
179946,Westminster College,MO,Private nonprofit,24314.0,51532.0,97256.0,638.0,0.5549,52199.0,27000.0,1.8631774555068106,0.517251288338857
460349,Johnson & Wales University-Online,RI,Private nonprofit,20252.0,26864.0,81008.0,2202.0,0.0,43418.0,26000.0,1.8657699571606245,0.5988299783499931
238476,Carthage College,WI,Private nonprofit,26565.0,50822.0,106260.0,2660.0,0.6426,56950.0,26000.0,1.8658472344161545,0.456540825285338
487524,Husson University,ME,Private nonprofit,21005.0,35852.0,84020.0,2618.0,0.5935,45025.0,27000.0,1.8660744031093837,0.5996668517490283
150163,Butler University,IN,Private nonprofit,36041.0,65970.0,144164.0,4317.0,0.8038,77235.0,26000.0,1.8665630866834984,0.33663494529682136
161518,Saint Joseph's College of Maine,ME,Private nonprofit,27555.0,59782.0,110220.0,964.0,0.6574,59045.0,27000.0,1.8667118299602,0.4572783470234567
188641,Alfred University,NY,Private nonprofit,25620.0,57445.0,102480.0,1423.0,0.5698,54897.0,26000.0,1.8667686758839281,0.4736142229994353
141361,Young Harris College,GA,Private nonprofit,22034.0,48301.0,88136.0,755.0,0.4175,47195.0,27000.0,1.8674859624960272,0.5720945015361797
216278,Susquehanna University,PA,Private nonprofit,28819.0,75410.0,115276.0,2163.0,0.8174,61723.0,27000.0,1.8676344312492912,0.4374382321014857
459727,Touro University Worldwide,CA,Private nonprofit,19058.0,29016.0,76232.0,454.0,0.2857,40803.0,25000.0,1.868293997990344,0.6127000465652035
130314,University of Saint Joseph,CT,Private nonprofit,27989.0,59900.0,111956.0,838.0,0.6376,59908.0,27000.0,1.8687988248647927,0.450691059624758
189565,Bryant & Stratton College-Syracuse North,NY,Private nonprofit,15217.0,25249.0,60868.0,458.0,0.3163,32568.0,21549.0,1.8689511176615081,0.6616617538688283
201885,University of Cincinnati-Main Campus,OH,Public,25648.0,32171.0,102592.0,29882.0,0.7496,54810.0,21250.0,1.8717752234993614,0.38770297390987046
198613,Guilford College,NC,Private nonprofit,22270.0,55689.0,89080.0,1001.0,0.4581,47590.0,26000.0,1.8718218113048959,0.5463332632906073
123165,Scripps College,CA,Private nonprofit,36294.0,87564.0,145176.0,1113.0,0.8254,77539.0,13500.0,1.8722965217503449,0.17410593378815822
201645,Case Western Reserve University,OH,Private nonprofit,41190.0,85851.0,164760.0,6437.0,0.8717,87989.0,24000.0,1.872506790621555,0.27276136789826
228325,Nelson University,TX,Private nonprofit,21662.0,34504.0,86648.0,1479.0,0.4156,46238.0,24725.0,1.8739564860071802,0.5347333362169644
158477,Centenary College of Louisiana,LA,Private nonprofit,23624.0,60620.0,94496.0,685.0,0.5621,50330.0,27000.0,1.87752831313332,0.5364593681700774
222178,Abilene Christian University,TX,Private nonprofit,26182.0,59256.0,104728.0,3195.0,0.5901,55736.0,24250.0,1.8790010047366155,0.4350868379503373
191621,Hilbert College,NY,Private nonprofit,22723.0,42114.0,90892.0,921.0,0.5631,48309.0,24750.0,1.8814713614440373,0.5123268956095137
124292,Thomas Aquinas College,CA,Private nonprofit,26196.0,43426.0,104784.0,566.0,0.843,55619.0,18000.0,1.8839605170894838,0.32363041406713533
205957,Franciscan University of Steubenville,OH,Private nonprofit,23589.0,44580.0,94356.0,2901.0,0.7545,50030.0,23384.0,1.8859884069558266,0.4673995602638417
217688,Charleston Southern University,SC,Private nonprofit,21666.0,44558.0,86664.0,2893.0,0.4724,45898.0,26471.0,1.8881868491001788,0.576735369732886
218733,South Carolina State University,SC,Public,18097.0,30015.0,72388.0,2934.0,0.3663,38262.0,31000.0,1.891903193769275,0.8102033349014688
195164,St Bonaventure University,NY,Private nonprofit,27074.0,57271.0,108296.0,2012.0,0.6673,57214.0,26000.0,1.8928234348236446,0.4544342293844164
206835,Oklahoma Wesleyan University,OK,Private nonprofit,28358.0,44743.0,113432.0,673.0,0.3476,59841.0,24813.0,1.8955565582125966,0.414648819371334
183239,Saint Anselm College,NH,Private nonprofit,34779.0,67213.0,139116.0,2087.0,0.8003,73371.0,27000.0,1.8960624770004497,0.3679928036962833
181853,York University,NE,Private nonprofit,20951.0,34268.0,83804.0,428.0,0.5221,44130.0,21500.0,1.8990256061636075,0.4871969181962384
141237,Truett McConnell University,GA,Private nonprofit,22227.0,39152.0,88908.0,744.0,0.3781,46700.0,23439.0,1.9038115631691648,0.5019057815845824
170675,Lawrence Technological University,MI,Private nonprofit,32918.0,58166.0,131672.0,1668.0,0.6058,69151.0,27000.0,1.9041228615638242,0.39044988503420053
221953,Tusculum University,TN,Private nonprofit,21131.0,43776.0,84524.0,785.0,0.2545,44367.0,23250.0,1.905109653571348,0.524038136452769
152530,Taylor University,IN,Private nonprofit,24865.0,53405.0,99460.0,2025.0,0.7381,52198.0,20500.0,1.9054369899229855,0.3927353538449749
181127,Hastings College,NE,Private nonprofit,24452.0,51422.0,97808.0,891.0,0.4885,51303.0,27000.0,1.9064772040621407,0.5262850125723642
233295,Randolph-Macon College,VA,Private nonprofit,27866.0,63985.0,111464.0,1639.0,0.7048,58448.0,27000.0,1.9070626882014783,0.4619490829455242
177144,Culver-Stockton College,MO,Private nonprofit,21983.0,44112.0,87932.0,807.0,0.3916,46092.0,26000.0,1.9077497179553935,0.5640892128785906
165936,Gordon College,MA,Private nonprofit,24883.0,42446.0,99532.0,1278.0,0.6854,52119.0,26250.0,1.9097066328977916,0.5036550969895816
202763,The University of Findlay,OH,Private nonprofit,27221.0,54580.0,108884.0,2223.0,0.5786,56996.0,25439.0,1.9103796757667204,0.446329566987157
132842,Albizu University-Miami,FL,Private nonprofit,19849.0,28344.0,79396.0,287.0,0.4,41544.0,5500.0,1.9111303678028115,0.1323897554400154
199458,Mid-Atlantic Christian University,NC,Private nonprofit,18328.0,33011.0,73312.0,132.0,0.2075,38342.0,27000.0,1.9120546659016222,0.7041886182254447
150172,Calumet College of Saint Joseph,IN,Private nonprofit,22451.0,32968.0,89804.0,529.0,0.2286,46945.0,21534.0,1.91296197678134,0.45870699755032485
212577,Franklin and Marshall College,PA,Private nonprofit,36425.0,85776.0,145700.0,1799.0,0.8377,76124.0,19000.0,1.9139824496873523,0.2495927696915559
104586,Embry-Riddle Aeronautical University-Prescott,AZ,Private nonprofit,40287.0,62798.0,161148.0,3218.0,0.6776,84131.0,23666.0,1.9154413949673723,0.2812994021228798
199643,Shaw University,NC,Private nonprofit,16512.0,30861.0,66048.0,875.0,0.2179,34409.0,32500.0,1.9194978058066203,0.9445203289836961
168148,Tufts University,MA,Private nonprofit,39998.0,88300.0,159992.0,7061.0,0.9351,83214.0,16250.0,1.9226572451750907,0.19527964044511742
214272,Neumann University,PA,Private nonprofit,27804.0,57180.0,111216.0,1533.0,0.5368,57817.0,27000.0,1.923586488403065,0.46699067748240136
159009,Grambling State University,LA,Public,19809.0,25367.0,79236.0,4164.0,0.3616,41109.0,36500.0,1.927461139896373,0.8878834318519059
203757,Lourdes University,OH,Private nonprofit,23206.0,45378.0,92824.0,543.0,0.3246,48150.0,27000.0,1.9278089304257529,0.5607476635514018
128902,Connecticut College,CT,Private nonprofit,36175.0,84623.0,144700.0,1937.0,0.8205,75001.0,23500.0,1.9293076092318768,0.3133291556112585
117104,Life Pacific University,CA,Private nonprofit,20898.0,35062.0,83592.0,456.0,0.404,43299.0,22395.0,1.9305757638744543,0.5172174877017945
102298,Talladega College,AL,Private nonprofit,15560.0,25185.0,62240.0,701.0,0.3091,32229.0,28500.0,1.9311799931738496,0.884296751372987
497824,Evangel University-College of Online Learning,MO,Private nonprofit,22503.0,26454.0,90012.0,240.0,0.5,46573.0,24736.0,1.9327077920683657,0.5311231829600842
175980,Millsaps College,MS,Private nonprofit,26034.0,60061.0,104136.0,549.0,0.5714,53848.0,27000.0,1.9338879809835092,0.501411380181251
177940,Lincoln University,MO,Public,19092.0,23704.0,76368.0,1392.0,0.2085,39463.0,28875.0,1.9351797886627982,0.7316980462711907
214166,Mount Aloysius College,PA,Private nonprofit,22344.0,40435.0,89376.0,1094.0,0.5691,46165.0,24287.0,1.9360121304018196,0.5260911946279649
137476,St. Thomas University,FL,Private nonprofit,26312.0,51205.0,105248.0,2214.0,0.4806,54272.0,19125.0,1.9392688679245282,0.35239165683962265
130226,Quinnipiac University,CT,Private nonprofit,40675.0,72215.0,162700.0,6531.0,0.757,83759.0,26000.0,1.9424778232786923,0.3104144032283098
202806,Franklin University,OH,Private nonprofit,25243.0,30696.0,100972.0,5562.0,0.1111,51892.0,20836.0,1.9458105295613968,0.4015262468203191
150455,Earlham College,IN,Private nonprofit,24714.0,67684.0,98856.0,670.0,0.69,50797.0,23488.0,1.946099179085379,0.4623895111916058
155937,Sterling College,KS,Private nonprofit,22371.0,47185.0,89484.0,538.0,0.4129,45846.0,24625.0,1.9518387645596127,0.5371242856519652
225548,Howard Payne University,TX,Private nonprofit,23627.0,46766.0,94508.0,713.0,0.2798,48376.0,26793.0,1.9536133619976848,0.5538490160410121
218441,North Greenville University,SC,Private nonprofit,21063.0,42034.0,84252.0,1819.0,0.5453,43035.0,23082.0,1.9577553154409202,0.5363541303590101
147369,Moody Bible Institute,IL,Private nonprofit,22221.0,34327.0,88884.0,1510.0,0.6233,45399.0,18149.0,1.957840481067865,0.3997665146809401
198756,Johnson C Smith University,NC,Private nonprofit,20894.0,34923.0,83576.0,1244.0,0.3429,42680.0,30000.0,1.9582005623242738,0.7029053420805998
196413,Syracuse University,NY,Private nonprofit,38793.0,84517.0,155172.0,15477.0,0.8361,79164.0,26000.0,1.9601333939669547,0.3284321156081047
213996,Messiah University,PA,Private nonprofit,26502.0,55875.0,106008.0,2259.0,0.7496,54064.0,25621.0,1.960787215152412,0.4739013021604025
213303,Keystone College,PA,Private nonprofit,22051.0,32071.0,88204.0,771.0,0.3587,44976.0,26000.0,1.961134827463536,0.5780860903593027
151290,Indiana Institute of Technology,IN,Private nonprofit,23206.0,45879.0,92824.0,1441.0,0.4779,47327.0,26391.0,1.9613328543960107,0.5576309506201534
133553,Embry-Riddle Aeronautical University-Daytona Beach,FL,Private nonprofit,41272.0,64632.0,165088.0,7860.0,0.6655,84131.0,23666.0,1.962273121679286,0.2812994021228798
238324,Bellin College,WI,Private nonprofit,37408.0,42941.0,149632.0,372.0,0.6304,76222.0,18000.0,1.9631077641625778,0.23615229198918947
176406,Tougaloo College,MS,Private nonprofit,17043.0,24239.0,68172.0,639.0,0.3311,34724.0,30046.0,1.9632530814422302,0.8652804976385209
153250,Dordt University,IA,Private nonprofit,25807.0,51733.0,103228.0,1597.0,0.7014,52559.0,21500.0,1.9640404117277726,0.40906409939306304
176372,University of Southern Mississippi,MS,Public,21708.0,26566.0,86832.0,10075.0,0.4906,44140.0,22500.0,1.967195287720888,0.5097417308563661
121257,Pitzer College,CA,Private nonprofit,34191.0,86466.0,136764.0,1227.0,0.8339,69512.0,16750.0,1.9674876280354472,0.24096558867533663
237057,Whitman College,WA,Private nonprofit,33313.0,78092.0,133252.0,1531.0,0.8052,67589.0,18437.0,1.9715042388554351,0.27278107384337685
197911,Barton College,NC,Private nonprofit,23626.0,51935.0,94504.0,982.0,0.4585,47913.0,25877.0,1.9724083234195313,0.5400830672260138
226231,LeTourneau University,TX,Private nonprofit,28185.0,51124.0,112740.0,1468.0,0.5858,57103.0,26000.0,1.9743270931474703,0.45531758401485034
135726,University of Miami,FL,Private nonprofit,37244.0,86078.0,148976.0,12913.0,0.8368,75328.0,17500.0,1.977697536108751,0.23231733220050976
181020,Doane University,NE,Private nonprofit,26364.0,57836.0,105456.0,978.0,0.5714,53316.0,25000.0,1.9779428314202117,0.4689023932778153
191649,Hofstra University,NY,Private nonprofit,34176.0,70624.0,136704.0,6488.0,0.6854,69039.0,23621.0,1.9800982053621865,0.34213994988339924
155496,Manhattan Christian College,KS,Private nonprofit,24213.0,34466.0,96852.0,146.0,0.4429,48860.0,24250.0,1.9822349570200573,0.49631600491199346
214157,Moravian University,PA,Private nonprofit,30670.0,65601.0,122680.0,1949.0,0.7169,61860.0,26793.0,1.9831878435176205,0.4331231813773036
262086,University of Massachusetts Global,CA,Public,32654.0,35325.0,130616.0,4491.0,0.4286,65703.0,24276.0,1.9879761959119067,0.3694808456234875
141644,Hawaii Pacific University,HI,Private nonprofit,29657.0,50674.0,118628.0,2392.0,0.3489,59593.0,22000.0,1.990636484150823,0.3691708757740003
129525,University of Hartford,CT,Private nonprofit,30282.0,64729.0,121128.0,4146.0,0.5438,60823.0,27000.0,1.9914834848659224,0.4439110205021127
206507,Wilmington College,OH,Private nonprofit,24153.0,43431.0,96612.0,1006.0,0.4727,48491.0,24208.0,1.992369718092017,0.49922666061743415
178679,Ozark Christian College,MO,Private nonprofit,20580.0,28485.0,82320.0,602.0,0.6364,41297.0,16772.0,1.9933651354819963,0.4061311959706516
207856,Southwestern Christian University,OK,Private nonprofit,20146.0,33305.0,80584.0,377.0,0.1613,40391.0,20715.0,1.995097917852987,0.5128617761382486
122728,William Jessup University,CA,Private nonprofit,28062.0,53703.0,112248.0,1294.0,0.5598,56257.0,23700.0,1.9952716995218374,0.4212809072648737
170091,Great Lakes Christian College,MI,Private nonprofit,15524.0,30311.0,62096.0,197.0,0.36,31053.0,18779.0,1.9996779699223908,0.6047402827424081
177065,Columbia College,MO,Private nonprofit,22715.0,37207.0,90860.0,4950.0,0.4219,45378.0,23879.0,2.0022918594913834,0.5262241614879457
475608,Criswell College,TX,Private nonprofit,21630.0,27748.0,86520.0,132.0,0.5,43185.0,25346.0,2.0034734282737063,0.5869167535023735
201441,Bowling Green State University-Main Campus,OH,Public,24022.0,33007.0,96088.0,12812.0,0.6373,47896.0,25000.0,2.0061800567897112,0.5219642558877569
166850,Merrimack College,MA,Private nonprofit,37927.0,70038.0,151708.0,3916.0,0.7005,75584.0,27000.0,2.007144369178662,0.35721845893310755
217013,Wilson College,PA,Private nonprofit,21741.0,39344.0,86964.0,865.0,0.4815,43326.0,26328.0,2.0072012186677743,0.6076720675806675
224226,Dallas Baptist University,TX,Private nonprofit,28516.0,52716.0,114064.0,2403.0,0.5701,56807.0,21591.0,2.0079215589628037,0.38007639903533014
446048,Ave Maria University,FL,Private nonprofit,24860.0,46129.0,99440.0,1298.0,0.5394,49520.0,20776.0,2.008077544426494,0.4195476575121163
179326,Southwest Baptist University,MO,Private nonprofit,21677.0,40301.0,86708.0,1341.0,0.5532,43112.0,20957.0,2.0112265726479865,0.48610595657821487
221971,Union University,TN,Private nonprofit,27171.0,58363.0,108684.0,1607.0,0.6596,53990.0,20714.0,2.0130394517503243,0.38366364141507686
173902,Macalester College,MN,Private nonprofit,32149.0,82991.0,128596.0,2131.0,0.871,63878.0,23000.0,2.013150067315821,0.36006136698080715
155627,Ottawa University-Ottawa,KS,Private nonprofit,27963.0,51856.0,111852.0,870.0,0.279,55552.0,21500.0,2.013464861751152,0.38702476958525345
181330,Midland University,NE,Private nonprofit,26267.0,55719.0,105068.0,1159.0,0.4212,52163.0,26134.0,2.0142246419876155,0.5010064605179917
120254,Occidental College,CA,Private nonprofit,38263.0,84800.0,153052.0,1877.0,0.8088,75951.0,23000.0,2.0151413411278325,0.3028268225566484
146719,Loyola University Chicago,IL,Private nonprofit,36079.0,67408.0,144316.0,11737.0,0.7304,71530.0,24157.0,2.017559066126101,0.33771843981546207
161572,Unity Environmental University,ME,Private nonprofit,19104.0,21931.0,76416.0,6483.0,0.2867,37852.0,25000.0,2.0188101025044913,0.6604670823206171
212106,Duquesne University,PA,Private nonprofit,37730.0,67776.0,150920.0,5350.0,0.7749,74742.0,26244.0,2.0192127585560997,0.35112787990687966
211088,Arcadia University,PA,Private nonprofit,29466.0,64645.0,117864.0,1948.0,0.6674,58336.0,27000.0,2.0204333516182116,0.46283598464070214
156213,Asbury University,KY,Private nonprofit,21401.0,47459.0,85604.0,1420.0,0.6498,42368.0,24028.0,2.020487160120846,0.5671261329305136
217907,Coker University,SC,Private nonprofit,20286.0,45805.0,81144.0,840.0,0.3953,40117.0,26000.0,2.0226836503228056,0.6481042949373084
211981,Delaware Valley University,PA,Private nonprofit,28278.0,59933.0,113112.0,1628.0,0.5591,55838.0,25000.0,2.025717253483291,0.44772377234141625
217536,Salve Regina University,RI,Private nonprofit,36967.0,70630.0,147868.0,2121.0,0.7688,72975.0,27000.0,2.026282973621103,0.3699897225077081
157863,Union Commonwealth University,KY,Private nonprofit,21311.0,44322.0,85244.0,746.0,0.3213,42002.0,24250.0,2.0295224036950623,0.5773534593590781
155511,McPherson College,KS,Private nonprofit,26441.0,50611.0,105764.0,872.0,0.3392,52084.0,25242.0,2.0306428077720606,0.48464019660548346
127060,University of Denver,CO,Private nonprofit,36131.0,78476.0,144524.0,6025.0,0.756,71155.0,21844.0,2.0311151711053332,0.3069917785116998
101189,Faulkner University,AL,Private nonprofit,22085.0,37626.0,88340.0,1549.0,0.374,43457.0,23000.0,2.0328140460685273,0.5292588075568954
206622,Xavier University,OH,Private nonprofit,32997.0,65476.0,131988.0,4207.0,0.6865,64873.0,23250.0,2.0345598322877008,0.35839255160082006
210492,Bryn Athyn College of the New Church,PA,Private nonprofit,20586.0,41093.0,82344.0,244.0,0.6774,40457.0,22250.0,2.0353461700076623,0.5499666312381046
182795,Franklin Pierce University,NH,Private nonprofit,27154.0,64185.0,108616.0,992.0,0.5351,53353.0,27000.0,2.0357992990084908,0.50606338912526
201195,Baldwin Wallace University,OH,Private nonprofit,27603.0,55606.0,110412.0,2842.0,0.6677,54122.0,27000.0,2.0400576475370458,0.49887291674365325
155520,MidAmerica Nazarene University,KS,Private nonprofit,32165.0,57355.0,128660.0,983.0,0.5361,62972.0,15000.0,2.0431302801244997,0.23820110525312838
210775,Alvernia University,PA,Private nonprofit,28138.0,57565.0,112552.0,2152.0,0.5553,55055.0,27000.0,2.0443556443556443,0.49041867223685404
150066,Anderson University,IN,Private nonprofit,25021.0,51585.0,100084.0,1057.0,0.5379,48899.0,27000.0,2.046749422278574,0.5521585308493017
126678,Colorado College,CO,Private nonprofit,33375.0,86921.0,133500.0,2014.0,0.8766,65222.0,18257.0,2.0468553555548743,0.27992088559075157
177214,Drury University,MO,Private nonprofit,20831.0,48846.0,83324.0,1383.0,0.618,40694.0,20979.0,2.047574581019315,0.5155305450434954
123457,Simpson University,CA,Private nonprofit,27817.0,54688.0,111268.0,809.0,0.4884,54340.0,18750.0,2.0476260581523738,0.3450496871549503
166018,Hampshire College,MA,Private nonprofit,24034.0,74195.0,96136.0,839.0,0.5426,46938.0,26893.0,2.0481486215859217,0.5729472921726533
191533,Hartwick College,NY,Private nonprofit,31320.0,68614.0,125280.0,1087.0,0.5332,61107.0,27000.0,2.050174284451863,0.44184790613186703
136215,Nova Southeastern University,FL,Private nonprofit,30371.0,56692.0,121484.0,7240.0,0.6334,59209.0,24250.0,2.0517826681754463,0.40956611325980846
125897,Woodbury University,CA,Private nonprofit,33692.0,58010.0,134768.0,779.0,0.6,65668.0,26960.0,2.0522628982152646,0.4105500395931047
101693,University of Mobile,AL,Private nonprofit,22382.0,41115.0,89528.0,1307.0,0.5685,43611.0,26500.0,2.0528765678383896,0.6076448602416822
228343,Southwestern University,TX,Private nonprofit,29224.0,67493.0,116896.0,1440.0,0.7279,56878.0,25000.0,2.0552058792503254,0.4395372551777489
197984,Belmont Abbey College,NC,Private nonprofit,24639.0,34788.0,98556.0,1276.0,0.4668,47937.0,26000.0,2.0559484323174164,0.5423785384984459
198969,Methodist University,NC,Private nonprofit,24704.0,55796.0,98816.0,1448.0,0.4351,48050.0,27000.0,2.0565244536940686,0.5619146722164412
204024,Miami University-Oxford,OH,Public,28384.0,38757.0,113536.0,16656.0,0.7979,55076.0,23000.0,2.061442370542523,0.4176047643256591
157757,Spalding University,KY,Private nonprofit,25491.0,45530.0,101964.0,583.0,0.5167,49438.0,25250.0,2.0624620737084833,0.5107407257575145
212133,Eastern University,PA,Private nonprofit,26662.0,55001.0,106648.0,2404.0,0.54,51655.0,25000.0,2.0646210434614267,0.4839802536056529
210739,DeSales University,PA,Private nonprofit,31643.0,62745.0,126572.0,2128.0,0.722,61295.0,25788.0,2.0649645158658942,0.4207194714087609
134079,Florida Southern College,FL,Private nonprofit,28551.0,60768.0,114204.0,2656.0,0.7055,55294.0,25000.0,2.0653958838210293,0.4521286215502586
201964,Ohio Christian University,OH,Private nonprofit,20607.0,35017.0,82428.0,862.0,0.3394,39813.0,29579.0,2.0703790219275113,0.7429482832240726
212656,Geneva College,PA,Private nonprofit,25890.0,45407.0,103560.0,1096.0,0.6098,50004.0,25198.0,2.0710343172546195,0.503919686425086
191241,Fordham University,NY,Private nonprofit,44338.0,82762.0,177352.0,10512.0,0.8191,85569.0,24300.0,2.0726197571550444,0.2839813483855134
214777,Pennsylvania State University-Main Campus,PA,Public,32875.0,39694.0,131500.0,42284.0,0.8609,63435.0,25000.0,2.0729880980531252,0.39410420115078426
233541,Shenandoah University,VA,Private nonprofit,30298.0,51928.0,121192.0,2116.0,0.6682,58433.0,25000.0,2.074033508462684,0.42784043263224547
167598,Regis College,MA,Private nonprofit,27477.0,65546.0,109908.0,956.0,0.7217,52873.0,25500.0,2.078716925462902,0.48228774610859987
193584,Nazareth University,NY,Private nonprofit,29357.0,58254.0,117428.0,1873.0,0.7279,56458.0,26038.0,2.07991781501293,0.4611923908037833
154101,Northwestern College,IA,Private nonprofit,25907.0,49783.0,103628.0,1175.0,0.6605,49802.0,23249.0,2.080799967872776,0.4668286414200233
139393,Covenant College,GA,Private nonprofit,26265.0,57467.0,105060.0,939.0,0.7149,50412.0,22500.0,2.084027612473221,0.44632230421328256
232308,Hollins University,VA,Private nonprofit,20896.0,58698.0,83584.0,665.0,0.6465,40075.0,27000.0,2.0856893325015595,0.6737367436057392
228246,Southern Methodist University,TX,Private nonprofit,40892.0,85606.0,163568.0,7277.0,0.8427,78354.0,19500.0,2.0875513694259387,0.24887051075886363
231554,Bluefield University,VA,Private nonprofit,25573.0,42539.0,102292.0,614.0,0.1778,48896.0,21855.0,2.092032068062827,0.4469690772251309
154712,Benedictine College,KS,Private nonprofit,27891.0,52206.0,111564.0,2272.0,0.6158,53175.0,24599.0,2.0980535966149505,0.4626046074283028
209922,Reed College,OR,Private nonprofit,33013.0,86376.0,132052.0,1320.0,0.7147,62927.0,21500.0,2.0984950816024917,0.3416657396665978
140872,Reinhardt University,GA,Private nonprofit,24425.0,46386.0,97700.0,1066.0,0.4357,46541.0,23900.0,2.099224339829398,0.5135257085150727
224244,Dallas Christian College,TX,Private nonprofit,22960.0,34502.0,91840.0,224.0,0.2857,43503.0,24912.0,2.111118773417925,0.5726501620577891
241410,Pontifical Catholic University of Puerto Rico-Ponce,PR,Private nonprofit,13192.0,20508.0,52768.0,3874.0,0.4859,24908.0,15500.0,2.118516139392966,0.6222900273004657
208822,George Fox University,OR,Private nonprofit,31679.0,58644.0,126716.0,2699.0,0.7196,59761.0,24250.0,2.1203795117216915,0.4057830357591071
150774,Holy Cross College,IN,Private nonprofit,26728.0,50881.0,106912.0,639.0,0.7289,50416.0,24000.0,2.120596635988575,0.4760393525864805
179894,Webster University,MO,Private nonprofit,27047.0,51188.0,108188.0,2304.0,0.6439,50876.0,23000.0,2.126503655947795,0.45207956600361665
155089,Friends University,KS,Private nonprofit,27715.0,50482.0,110860.0,1048.0,0.4335,52113.0,25000.0,2.1273002897549556,0.47972674764454165
104717,Grand Canyon University,AZ,Private nonprofit,22472.0,32702.0,89888.0,73371.0,0.4346,42186.0,22114.0,2.130754278670649,0.5242023420091974
105589,Prescott College,AZ,Private nonprofit,22583.0,48532.0,90332.0,219.0,0.5556,42359.0,16300.0,2.1325338180788025,0.38480606246606386
202514,Defiance College,OH,Private nonprofit,26337.0,53667.0,105348.0,499.0,0.3057,49351.0,26813.0,2.1346679905169097,0.5433121922554761
192819,Marist University,NY,Private nonprofit,41544.0,67574.0,166176.0,5182.0,0.796,77819.0,25000.0,2.1354168005242937,0.321258304527172
191968,Ithaca College,NY,Private nonprofit,33926.0,68699.0,135704.0,4242.0,0.7623,63548.0,24000.0,2.1354566626801788,0.37766727513060994
153861,Maharishi International University,IA,Private nonprofit,14956.0,27892.0,59824.0,922.0,0.5,27981.0,24781.0,2.1380222293699296,0.8856366820342375
177542,Hannibal-LaGrange University,MO,Private nonprofit,22814.0,40839.0,91256.0,410.0,0.5039,42643.0,18599.0,2.139999530989846,0.43615599277724365
199412,Queens University of Charlotte,NC,Private nonprofit,30857.0,65742.0,123428.0,1211.0,0.6131,57673.0,25000.0,2.140134898479358,0.43347840410590743
212009,Dickinson College,PA,Private nonprofit,37607.0,82902.0,150428.0,2273.0,0.7978,70204.0,19000.0,2.14272691014757,0.27063984958122045
228875,Texas Christian University,TX,Private nonprofit,36660.0,76604.0,146640.0,11026.0,0.8551,68424.0,21500.0,2.1431076815152577,0.3142172337191629
155900,Southwestern College,KS,Private nonprofit,29824.0,58432.0,119296.0,924.0,0.3568,55646.0,25000.0,2.1438378320094884,0.4492685907342846
203535,Kenyon College,OH,Private nonprofit,38512.0,87590.0,154048.0,1732.0,0.8234,71830.0,18527.0,2.1446192398719197,0.2579284421550884
165802,Fisher College,MA,Private nonprofit,26649.0,53921.0,106596.0,1167.0,0.2775,49669.0,25000.0,2.1461273631440134,0.5033320582254525
235167,The Evergreen State College,WA,Public,24319.0,28477.0,97276.0,2160.0,0.4074,45320.0,20500.0,2.1464254192409533,0.45233892321270963
137953,Trinity College of Jacksonville,FL,Private nonprofit,20011.0,26995.0,80044.0,386.0,0.3418,37275.0,24250.0,2.1473910127431255,0.6505700871898055
165529,Curry College,MA,Private nonprofit,29207.0,64020.0,116828.0,1780.0,0.5112,54400.0,25000.0,2.1475735294117646,0.45955882352941174
183211,Rivier University,NH,Private nonprofit,28082.0,53499.0,112328.0,1231.0,0.5167,52248.0,26956.0,2.149900474659317,0.5159240545092635
211583,Chestnut Hill College,PA,Private nonprofit,27970.0,58168.0,111880.0,815.0,0.4878,52015.0,26389.0,2.1509180044218015,0.5073344227626646
107071,Henderson State University,AR,Public,23405.0,27385.0,93620.0,1456.0,0.3734,43459.0,19500.0,2.1542143169424053,0.44869877355668564
198066,Brevard College,NC,Private nonprofit,23509.0,47288.0,94036.0,815.0,0.4884,43545.0,25000.0,2.1595131473188656,0.5741187277528993
217518,Roger Williams University,RI,Private nonprofit,37999.0,61950.0,151996.0,3946.0,0.6865,70266.0,26940.0,2.163151453049839,0.3834002220134916
207582,Oral Roberts University,OK,Private nonprofit,25365.0,50004.0,101460.0,3487.0,0.5683,46885.0,27000.0,2.164018342753546,0.5758771462088088
129242,Fairfield University,CT,Private nonprofit,48095.0,76074.0,192380.0,5373.0,0.843,88794.0,26000.0,2.1665878325112056,0.2928125774264027
131159,American University,DC,Private nonprofit,41943.0,76058.0,167772.0,7266.0,0.7549,77370.0,22750.0,2.1684373788290037,0.2940416181982681
446233,Ecclesia College,AR,Private nonprofit,22075.0,31571.0,88300.0,108.0,0.4,40650.0,13019.0,2.17220172201722,0.3202706027060271
220473,Johnson University,TN,Private nonprofit,22063.0,34244.0,88252.0,743.0,0.5677,40596.0,21500.0,2.1739087594836928,0.5296088284560055
200484,Trinity Bible College and Graduate School,ND,Private nonprofit,19359.0,31544.0,77436.0,141.0,0.4595,35604.0,22531.0,2.1749241658240646,0.6328221548140658
455770,Providence Christian College,CA,Private nonprofit,25163.0,53447.0,100652.0,168.0,0.2,46264.0,25000.0,2.175600899187273,0.5403769669721598
179548,Stephens College,MO,Private nonprofit,23459.0,46643.0,93836.0,391.0,0.4274,43071.0,27000.0,2.1786352766362516,0.6268719091732255
174491,University of Northwestern-St Paul,MN,Private nonprofit,27705.0,51325.0,110820.0,1442.0,0.6813,50755.0,21325.0,2.183430203920796,0.4201556496896858
139630,Emmanuel University,GA,Private nonprofit,20925.0,37604.0,83700.0,775.0,0.4228,38208.0,24325.0,2.190640703517588,0.6366467755443886
133809,Florida College,FL,Private nonprofit,23931.0,34870.0,95724.0,588.0,0.5404,43445.0,12000.0,2.2033375532282196,0.276211301645759
197133,Vassar College,NY,Private nonprofit,39343.0,87419.0,157372.0,2444.0,0.9108,71366.0,18625.0,2.2051397023792845,0.2609786172687274
141486,Chaminade University of Honolulu,HI,Private nonprofit,28856.0,45798.0,115424.0,1672.0,0.554,52343.0,23250.0,2.2051468200141375,0.44418546892612193
192448,Long Island University,NY,Private nonprofit,33062.0,55424.0,132248.0,5520.0,0.5707,59950.0,23577.0,2.205971643035863,0.39327773144286904
236328,University of Puget Sound,WA,Private nonprofit,38394.0,78378.0,153576.0,1594.0,0.6799,69594.0,25000.0,2.2067419605138374,0.3592263700893755
128744,University of Bridgeport,CT,Private nonprofit,27807.0,52957.0,111228.0,1534.0,0.4119,50323.0,25750.0,2.210281580986825,0.5116944538282694
166674,Massachusetts College of Art and Design,MA,Public,24100.0,34239.0,96400.0,1831.0,0.6887,43582.0,25755.0,2.2119223532651096,0.5909549814143453
176664,Mission University,MO,Private nonprofit,21383.0,28448.0,85532.0,381.0,0.4444,38641.0,26168.0,2.2135037913097486,0.6772081467870914
166391,Lasell University,MA,Private nonprofit,27511.0,42434.0,110044.0,1226.0,0.5864,49705.0,26000.0,2.213942259330047,0.5230862086309225
196592,Touro University,NY,Private nonprofit,29627.0,40500.0,118508.0,4040.0,0.7239,53419.0,15547.0,2.2184615960613265,0.29103876897733016
110097,Biola University,CA,Private nonprofit,31495.0,62757.0,125980.0,3474.0,0.676,56778.0,23875.0,2.2188171474867024,0.42049737574412627
174862,Crown College,MN,Private nonprofit,26672.0,46598.0,106688.0,796.0,0.4539,48057.0,22500.0,2.2200303805897166,0.46819401960172297
154721,Bethany College,KS,Private nonprofit,27686.0,53738.0,110744.0,569.0,0.3574,49694.0,23250.0,2.228518533424558,0.4678633235400652
217402,Providence College,RI,Private nonprofit,48523.0,80466.0,194092.0,4229.0,0.8582,87054.0,27000.0,2.22955866473683,0.3101523192501206
198516,Elon University,NC,Private nonprofit,41555.0,62266.0,166220.0,6452.0,0.8404,74545.0,20500.0,2.229794084110269,0.27500167683949295
222877,Arlington Baptist University,TX,Private nonprofit,24906.0,33424.0,99624.0,284.0,0.1944,44644.0,27000.0,2.2315204730758893,0.6047845175163515
102049,Samford University,AL,Private nonprofit,32622.0,57456.0,130488.0,4206.0,0.7704,58469.0,19500.0,2.2317467375874394,0.3335100651627358
217633,Anderson University,SC,Private nonprofit,23544.0,50192.0,94176.0,3183.0,0.6568,42101.0,26700.0,2.2369064867817867,0.6341892116576804
158802,Dillard University,LA,Private nonprofit,22094.0,39202.0,88376.0,1063.0,0.4328,39196.0,31000.0,2.254719869374426,0.7908970303092152
154004,Morningside University,IA,Private nonprofit,31320.0,52577.0,125280.0,1163.0,0.5014,55494.0,26028.0,2.257541355822251,0.4690236782354849
215442,Point Park University,PA,Private nonprofit,25942.0,52643.0,103768.0,2331.0,0.5854,45856.0,27000.0,2.262909979064899,0.5887997208653175
128498,Albertus Magnus College,CT,Private nonprofit,34028.0,59407.0,136112.0,991.0,0.5148,60144.0,30964.0,2.263101888800213,0.5148310720936419
157100,Kentucky Christian University,KY,Private nonprofit,24038.0,40168.0,96152.0,429.0,0.3667,42375.0,22250.0,2.269073746312684,0.5250737463126843
129941,University of New Haven,CT,Private nonprofit,34192.0,66962.0,136768.0,4841.0,0.6307,60126.0,27000.0,2.2746898180487642,0.44905698034128333
167260,Nichols College,MA,Private nonprofit,33036.0,58310.0,132144.0,1163.0,0.6261,58063.0,27000.0,2.2758727588998156,0.46501214198370733
217961,Converse University,SC,Private nonprofit,23283.0,38838.0,93132.0,1173.0,0.6154,40867.0,27000.0,2.278904739765581,0.6606797660704236
239071,Maranatha Baptist University,WI,Private nonprofit,26005.0,37092.0,104020.0,541.0,0.6357,45593.0,14143.0,2.2814905796942515,0.31020112736604305
211556,Chatham University,PA,Private nonprofit,29954.0,61261.0,119816.0,1232.0,0.6306,52410.0,23250.0,2.2861286014119444,0.44361763022323986
117751,The Master's University and Seminary,CA,Private nonprofit,32647.0,54845.0,130588.0,1622.0,0.6773,57106.0,20500.0,2.286764963401394,0.35898154309529645
142461,Northwest Nazarene University,ID,Private nonprofit,29580.0,55163.0,118320.0,1024.0,0.7076,51719.0,23750.0,2.2877472495601228,0.45921228175332085
217721,Benedict College,SC,Private nonprofit,18250.0,32000.0,73000.0,1536.0,0.2426,31902.0,32500.0,2.2882577894802836,1.0187449062754685
174437,North Central University,MN,Private nonprofit,25817.0,44475.0,103268.0,709.0,0.6634,45064.0,23200.0,2.291585300905379,0.514823362329132
210331,Corban University,OR,Private nonprofit,28035.0,52019.0,112140.0,678.0,0.6059,48917.0,22625.0,2.2924545658973363,0.4625181429768792
385619,Everglades University,FL,Private nonprofit,27371.0,38913.0,109484.0,2789.0,0.6136,47597.0,38996.0,2.3002290060297916,0.8192953337395213
136330,Palm Beach Atlantic University,FL,Private nonprofit,28354.0,53827.0,113416.0,2603.0,0.5534,49232.0,22500.0,2.3037049073773157,0.4570198245043874
213400,Lancaster Bible College,PA,Private nonprofit,25480.0,44066.0,101920.0,1569.0,0.6667,44096.0,20500.0,2.311320754716981,0.46489477503628446
194392,Paul Smiths College of Arts and Science,NY,Private nonprofit,26683.0,51506.0,106732.0,579.0,0.5055,46145.0,22750.0,2.3129699859139667,0.4930111604724239
178244,Missouri Baptist University,MO,Private nonprofit,27006.0,49257.0,108024.0,1488.0,0.4758,46660.0,22500.0,2.3151307329618516,0.48221174453493354
209056,Lewis & Clark College,OR,Private nonprofit,36013.0,79987.0,144052.0,2120.0,0.7536,62205.0,19500.0,2.315762398521019,0.31347962382445144
209612,Pacific University,OR,Private nonprofit,35273.0,72374.0,141092.0,1516.0,0.6698,60583.0,23223.0,2.328904148028325,0.3833253552976908
214069,Misericordia University,PA,Private nonprofit,37485.0,53648.0,149940.0,1672.0,0.7171,64313.0,26973.0,2.331410445788565,0.41940198715656246
176053,Mississippi Christian University,MS,Private nonprofit,27712.0,41214.0,110848.0,2518.0,0.5934,47485.0,22500.0,2.3343792776666317,0.47383384226597874
169363,Concordia University Ann Arbor,MI,Private nonprofit,32811.0,51853.0,131244.0,702.0,0.4764,56075.0,25750.0,2.3405082478823003,0.4592064199732501
126669,Colorado Christian University,CO,Private nonprofit,29500.0,54242.0,118000.0,5549.0,0.6441,50416.0,28312.0,2.340526816883529,0.5615677562678515
154527,Wartburg College,IA,Private nonprofit,32908.0,64359.0,131632.0,1452.0,0.643,56201.0,27000.0,2.3421647301649435,0.4804184978914966
199865,Warren Wilson College,NC,Private nonprofit,21249.0,56966.0,84996.0,707.0,0.42,36260.0,25000.0,2.3440706012134584,0.6894649751792609
140340,Herzing University-Atlanta,GA,Private nonprofit,21679.0,27007.0,86716.0,387.0,0.1395,36909.0,21500.0,2.349454062694736,0.5825137500338671
120537,Hope International University,CA,Private nonprofit,29310.0,51784.0,117240.0,564.0,0.4944,49697.0,23000.0,2.3590961225023643,0.4628045958508562
182634,Colby-Sawyer College,NH,Private nonprofit,27431.0,38527.0,109724.0,771.0,0.5745,46474.0,27000.0,2.360976029607953,0.5809700047338296
202523,Denison University,OH,Private nonprofit,40007.0,81900.0,160028.0,2380.0,0.789,67753.0,26000.0,2.361932312960312,0.383746845158148
141185,Toccoa Falls College,GA,Private nonprofit,21642.0,37561.0,86568.0,875.0,0.4366,36630.0,22250.0,2.3633087633087633,0.6074256074256075
100724,Alabama State University,AL,Public,20435.0,23586.0,81740.0,3477.0,0.3034,34502.0,31000.0,2.3691380209842907,0.8984986377601298
219709,Belmont University,TN,Private nonprofit,33147.0,62570.0,132588.0,7137.0,0.7066,55930.0,20500.0,2.37060611478634,0.3665295905596281
135364,Luther Rice College & Seminary,GA,Private nonprofit,27883.0,31680.0,111532.0,165.0,,47003.0,34153.0,2.372869816820203,0.726613194902453
175430,Blue Mountain Christian University,MS,Private nonprofit,24016.0,33197.0,96064.0,498.0,0.5476,40421.0,18534.0,2.3765864278469113,0.4585240345365033
136950,Rollins College,FL,Private nonprofit,34732.0,76108.0,138928.0,2631.0,0.7505,58295.0,25500.0,2.3831889527403725,0.4374303113474569
147129,Methodist College,IL,Private nonprofit,41787.0,46874.0,167148.0,245.0,0.2,69800.0,31250.0,2.3946704871060174,0.4477077363896848
220206,Welch College,TN,Private nonprofit,25263.0,37072.0,101052.0,226.0,0.5342,42198.0,19500.0,2.3947106497938293,0.46210720887245843
199032,Montreat College,NC,Private nonprofit,27061.0,47133.0,108244.0,762.0,0.5031,45151.0,25813.0,2.3973776882018116,0.5717038382317113
464226,Ottawa University-Surprise,AZ,Private nonprofit,33393.0,52170.0,133572.0,836.0,0.1818,55552.0,21500.0,2.404449884792627,0.38702476958525345
101912,Oakwood University,AL,Private nonprofit,25669.0,40176.0,102676.0,1153.0,0.4462,42488.0,27000.0,2.4165882131425342,0.6354735454716626
121309,Point Loma Nazarene University,CA,Private nonprofit,38729.0,60488.0,154916.0,3188.0,0.7717,63998.0,22990.0,2.4206381449420293,0.35922997593674805
164492,Anna Maria College,MA,Private nonprofit,28333.0,61888.0,113332.0,906.0,0.4623,46651.0,25000.0,2.42935842747208,0.5358941930505241
166452,Lesley University,MA,Private nonprofit,31152.0,51538.0,124608.0,1122.0,0.5802,51173.0,21000.0,2.435034100013679,0.41037265745608037
462354,John Paul the Great Catholic University,CA,Private nonprofit,34666.0,52367.0,138664.0,286.0,0.6386,56930.0,26968.0,2.435692956262076,0.47370454944668894
137847,The University of Tampa,FL,Private nonprofit,36211.0,51614.0,144844.0,10572.0,0.637,59436.0,24211.0,2.436974224375799,0.4073457164008345
175856,Jackson State University,MS,Public,23836.0,32415.0,95344.0,4600.0,0.5091,39060.0,30470.0,2.440962621607783,0.7800819252432155
447953,SUM Bible College and Theological Seminary,CA,Private nonprofit,21680.0,24956.0,86720.0,198.0,0.8481,35418.0,26677.0,2.44847252809306,0.7532045852391439
230852,Champlain College,VT,Private nonprofit,35860.0,65009.0,143440.0,2752.0,0.6523,58386.0,26814.0,2.4567533312780463,0.45925393073682047
130253,Sacred Heart University,CT,Private nonprofit,46174.0,69289.0,184696.0,7087.0,0.7346,75059.0,25000.0,2.4606776002877737,0.33307131723044536
133711,Flagler College,FL,Private nonprofit,30525.0,45744.0,122100.0,2391.0,0.5598,49483.0,24250.0,2.4675140957500554,0.490067295838975
117946,Loyola Marymount University,CA,Private nonprofit,48381.0,83943.0,193524.0,7094.0,0.7887,78349.0,19500.0,2.470025143907389,0.24888639293417913
190114,Metropolitan College of New York,NY,Private nonprofit,28882.0,34203.0,115528.0,402.0,0.4,46236.0,27688.0,2.498659053551345,0.5988407301669695
223232,Baylor University,TX,Private nonprofit,41104.0,74226.0,164416.0,14785.0,0.7999,65793.0,23000.0,2.498989254175976,0.34958126244433296
459842,Herzing University-Kenosha,WI,Private nonprofit,23066.0,28414.0,92264.0,522.0,0.7222,36909.0,21500.0,2.499769703866266,0.5825137500338671
137962,Trinity College of Florida,FL,Private nonprofit,20297.0,24904.0,81188.0,148.0,0.0,32465.0,23250.0,2.500785461265979,0.7161558601570922
160959,College of the Atlantic,ME,Private nonprofit,25184.0,58266.0,100736.0,353.0,0.6829,40264.0,25050.0,2.5018875422213394,0.6221438505861315
215114,Cairn University-Langhorne,PA,Private nonprofit,27642.0,46233.0,110568.0,775.0,0.5968,44172.0,26926.0,2.5031241510459115,0.6095716743638504
179964,William Woods University,MO,Private nonprofit,26569.0,49094.0,106276.0,1300.0,0.4681,42401.0,21983.0,2.506450319567935,0.5184547534256267
140252,Life University,GA,Private nonprofit,29791.0,41295.0,119164.0,893.0,0.3793,47397.0,16666.0,2.514167563347891,0.3516256303141549
144281,Columbia College Chicago,IL,Private nonprofit,26598.0,51889.0,106392.0,5368.0,0.5155,42195.0,25000.0,2.5214361891219337,0.5924872615238772
198695,High Point University,NC,Private nonprofit,38707.0,65548.0,154828.0,5129.0,0.737,61389.0,24575.0,2.522080503021714,0.40031601752757007
160755,Tulane University of Louisiana,LA,Private nonprofit,39949.0,87004.0,159796.0,7767.0,0.8614,63268.0,20500.0,2.5257001959916545,0.3240184611493962
489937,Carolina University,NC,Private nonprofit,20828.0,32680.0,83312.0,460.0,0.2155,32864.0,20287.0,2.535053554040896,0.6173016066212269
133979,Florida Memorial University,FL,Private nonprofit,23238.0,35809.0,92952.0,1183.0,0.311,36624.0,30063.0,2.538007863695937,0.8208551769331586
105899,Arizona Christian University,AZ,Private nonprofit,32839.0,54792.0,131356.0,1165.0,0.3987,51612.0,23000.0,2.5450670386731766,0.44563279857397503
167899,Springfield College,MA,Private nonprofit,30587.0,60729.0,122348.0,1751.0,0.7419,48036.0,26250.0,2.5470064118577733,0.5464651511366475
182980,New England College,NH,Private nonprofit,26972.0,59350.0,107888.0,1022.0,0.3451,42092.0,26000.0,2.5631473914283,0.6176945737907441
239309,Milwaukee Institute of Art & Design,WI,Private nonprofit,26541.0,53528.0,106164.0,837.0,0.6695,41174.0,27000.0,2.578423276825181,0.6557536309321417
238616,Concordia University-Wisconsin,WI,Private nonprofit,36201.0,53315.0,144804.0,2197.0,0.6835,56075.0,25750.0,2.582327240303165,0.4592064199732501
138293,Webber International University,FL,Private nonprofit,29529.0,50989.0,118116.0,813.0,0.2796,45606.0,25250.0,2.58992237863439,0.5536552208042801
141060,Spelman College,GA,Private nonprofit,38967.0,50952.0,155868.0,3414.0,0.7846,59993.0,25000.0,2.5981031120297366,0.4167152834497358
487603,Northwest University-Center for Online and Extended Education,WA,Private nonprofit,35671.0,40568.0,142684.0,405.0,0.5,54914.0,20891.0,2.5983173689769457,0.3804312197253888
198808,Lees-McRae College,NC,Private nonprofit,28340.0,49498.0,113360.0,873.0,0.4208,43415.0,17375.0,2.6110791201197743,0.4002073016238627
138868,Point University,GA,Private nonprofit,25335.0,33564.0,101340.0,1996.0,0.3407,38740.0,25250.0,2.615900877645844,0.6517811048012391
232557,Liberty University,VA,Private nonprofit,29357.0,42025.0,117428.0,50012.0,0.6533,44813.0,24500.0,2.620400330261308,0.5467163546292371
154749,Bethel College-North Newton,KS,Private nonprofit,32917.0,52193.0,131668.0,504.0,0.4112,49898.0,24000.0,2.6387430357930177,0.4809812016513688
204501,Oberlin College,OH,Private nonprofit,38645.0,87404.0,154580.0,2887.0,0.8089,58343.0,26000.0,2.6495037965137205,0.445640436727628
111948,Chapman University,CA,Private nonprofit,46555.0,83146.0,186220.0,7478.0,0.8188,70070.0,20500.0,2.657628086199515,0.292564578278864
217925,Columbia International University,SC,Private nonprofit,26036.0,43045.0,104144.0,716.0,0.4679,38951.0,20000.0,2.6737182614053556,0.5134656363122898
157377,Midway University,KY,Private nonprofit,29579.0,48805.0,118316.0,1262.0,0.4069,44246.0,21301.0,2.6740496316051168,0.4814220494507978
218399,Morris College,SC,Private nonprofit,20555.0,30148.0,82220.0,383.0,0.1735,30614.0,31400.0,2.685699353237081,1.0256745279937283
165167,Cambridge College,MA,Private nonprofit,31072.0,34072.0,124288.0,532.0,0.1111,45998.0,21791.0,2.7020305230662203,0.4737379886082004
109651,Art Center College of Design,CA,Private nonprofit,48661.0,75649.0,194644.0,2017.0,0.7917,71958.0,31000.0,2.7049667861808278,0.4308068595569638
199582,Saint Augustine's University,NC,Private nonprofit,24313.0,33179.0,97252.0,172.0,0.25,35730.0,29669.0,2.721858382311783,0.8303666386789812
161457,University of New England,ME,Private nonprofit,38107.0,63245.0,152428.0,2135.0,0.6835,55921.0,25250.0,2.7257738595518677,0.45152983673396396
137564,Southeastern University,FL,Private nonprofit,31942.0,49329.0,127768.0,4813.0,0.4255,46744.0,21500.0,2.733356152661304,0.4599520794112613
190761,Dominican University New York,NY,Private nonprofit,41832.0,47802.0,167328.0,1105.0,0.5251,61171.0,25000.0,2.735413839891452,0.40869039250625294
202046,Cleveland Institute of Art,OH,Private nonprofit,29208.0,64587.0,116832.0,539.0,0.5771,42509.0,27000.0,2.7484062198593238,0.6351596132583688
243823,Parker University,TX,Private nonprofit,29135.0,42167.0,116540.0,607.0,0.7407,42091.0,12288.0,2.768762918438621,0.2919388943004443
184612,Felician University,NJ,Private nonprofit,40045.0,50316.0,160180.0,1774.0,0.4722,57602.0,25000.0,2.78080622200618,0.43401270789208707
165699,Endicott College,MA,Private nonprofit,40654.0,59328.0,162616.0,3125.0,0.7556,58336.0,27000.0,2.787575425123423,0.46283598464070214
197708,Yeshiva University,NY,Private nonprofit,49965.0,70892.0,199860.0,2852.0,0.832,71353.0,18250.0,2.801003461662439,0.25577060530040785
121150,Pepperdine University,CA,Private nonprofit,58098.0,93512.0,232392.0,3553.0,0.8335,82939.0,23510.0,2.8019628883878513,0.28346133905641496
220181,Fisk University,TN,Private nonprofit,32020.0,39450.0,128080.0,1035.0,0.2993,45454.0,27000.0,2.8177938135257623,0.594007128085537
102377,Tuskegee University,AL,Private nonprofit,35013.0,43454.0,140052.0,2630.0,0.5498,49641.0,27000.0,2.8212969118269173,0.543905239620475
217235,Johnson & Wales University-Providence,RI,Private nonprofit,31027.0,60314.0,124108.0,3868.0,0.5541,43418.0,26000.0,2.8584458058869595,0.5988299783499931
202170,Columbus College of Art & Design,OH,Private nonprofit,29439.0,54443.0,117756.0,882.0,0.556,40664.0,27000.0,2.895829234703915,0.6639779657682471
144883,East-West University,IL,Private nonprofit,21697.0,32606.0,86788.0,468.0,0.1556,29963.0,26986.0,2.8965056903514332,0.9006441277575676
152381,Saint Mary-of-the-Woods College,IN,Private nonprofit,31872.0,49512.0,127488.0,853.0,0.4663,43845.0,19512.0,2.9076975709887103,0.44502223742730074
183026,Southern New Hampshire University,NH,Private nonprofit,36708.0,40918.0,146832.0,163164.0,0.4283,50318.0,21082.0,2.9180810048094123,0.4189753169839819
174127,Minneapolis College of Art and Design,MN,Private nonprofit,29926.0,59972.0,119704.0,705.0,0.5116,40873.0,27000.0,2.9286815257015633,0.6605827808088469
133492,Eckerd College,FL,Private nonprofit,38071.0,68944.0,152284.0,1888.0,0.6592,51819.0,27000.0,2.9387676334935064,0.5210444045620333
117627,La Sierra University,CA,Private nonprofit,45566.0,51459.0,182264.0,1116.0,0.5973,61824.0,27000.0,2.9481107660455486,0.43672360248447206
206048,Tiffin University,OH,Private nonprofit,26500.0,48004.0,106000.0,2051.0,0.3987,35942.0,27000.0,2.9491959267709085,0.7512102832340993
140553,Morehouse College,GA,Private nonprofit,39013.0,51433.0,156052.0,2844.0,0.5944,52889.0,25000.0,2.950556826561289,0.4726880825880618
217493,Rhode Island School of Design,RI,Private nonprofit,50507.0,81727.0,202028.0,2084.0,0.8877,68140.0,27000.0,2.9648958027590258,0.3962430290578221
189088,Bard College,NY,Private nonprofit,34649.0,84553.0,138596.0,2414.0,0.6756,46543.0,24254.0,2.977805470210343,0.5211095116344026
177746,Kansas City Art Institute,MO,Private nonprofit,27650.0,57410.0,110600.0,812.0,0.5797,37032.0,27000.0,2.986606178440268,0.729099157485418
234137,Virginia University of Lynchburg,VA,Private nonprofit,21253.0,25328.0,85012.0,125.0,0.3762,28396.0,24250.0,2.9938019439357655,0.8539935202141147
192864,Marymount Manhattan College,NY,Private nonprofit,36861.0,65767.0,147444.0,1577.0,0.4904,49131.0,25750.0,3.0010380411552786,0.5241090146750524
169442,College for Creative Studies,MI,Private nonprofit,34617.0,66014.0,138468.0,1230.0,0.7061,44860.0,26000.0,3.0866696388765047,0.57958091841284
197993,Bennett College,NC,Private nonprofit,28299.0,41296.0,113196.0,178.0,0.25,36654.0,28130.0,3.0882304796202322,0.7674469362143286
195304,Sarah Lawrence College,NY,Private nonprofit,41437.0,82467.0,165748.0,1530.0,0.7133,53603.0,27000.0,3.0921403652780626,0.5037031509430442
129774,Mitchell College,CT,Private nonprofit,30260.0,55621.0,121040.0,377.0,0.4218,39115.0,25150.0,3.0944650389876007,0.6429758404704078
165662,Emerson College,MA,Private nonprofit,49180.0,80399.0,196720.0,3870.0,0.7711,62832.0,23000.0,3.1308887191240133,0.36605551311433665
131520,Howard University,DC,Private nonprofit,50539.0,54630.0,202156.0,10108.0,0.6996,63066.0,24500.0,3.205467288237719,0.38848190784257763
165574,Dean College,MA,Private nonprofit,30684.0,64889.0,122736.0,1089.0,0.5359,38109.0,25000.0,3.2206565378257106,0.6560130152982235
155070,Barclay College,KS,Private nonprofit,29290.0,42890.0,117160.0,168.0,0.3226,36355.0,27000.0,3.222665383028469,0.7426763856415899
230816,Bennington College,VT,Private nonprofit,30947.0,87284.0,123788.0,780.0,0.7121,38289.0,26000.0,3.232991198516545,0.6790462012588472
133881,Florida Institute of Technology,FL,Private nonprofit,35639.0,62440.0,142556.0,3404.0,0.6354,43137.0,27000.0,3.3047268006583677,0.6259127894846651
216542,University of Valley Forge,PA,Private nonprofit,32265.0,45422.0,129060.0,471.0,0.4904,39016.0,27000.0,3.3078736928439616,0.6920237851137995
202073,Cleveland Institute of Music,OH,Private nonprofit,28226.0,61212.0,112904.0,159.0,0.7213,32641.0,24968.0,3.4589626543304433,0.7649275451119757
461032,Carolina College of Biblical Studies,NC,Private nonprofit,21322.0,24267.0,85288.0,159.0,0.0,24581.0,25750.0,3.4696716976526587,1.0475570562629672
120403,Otis College of Art and Design,CA,Private nonprofit,51248.0,75861.0,204992.0,1223.0,0.663,58152.0,27000.0,3.525106617141285,0.4643004539826661
138947,Clark Atlanta University,GA,Private nonprofit,37702.0,43676.0,150808.0,3603.0,0.4902,42712.0,27000.0,3.5308110132983703,0.6321408503465068
154022,The University of Arizona Global Campus,AZ,Public,31266.0,37594.0,125064.0,20152.0,0.1068,35404.0,31250.0,3.5324822054005196,0.8826686250141227
163976,St. John's College,MD,Private nonprofit,45597.0,55540.0,182388.0,471.0,0.7143,51584.0,27000.0,3.535747518610422,0.5234181141439206
117168,Laguna College of Art and Design,CA,Private nonprofit,42505.0,57989.0,170020.0,746.0,0.5172,47867.0,27000.0,3.551925125869597,0.5640629243528945
132657,Lynn University,FL,Private nonprofit,44089.0,67880.0,176356.0,2859.0,0.5206,49006.0,17940.0,3.5986613884014202,0.3660776231481859
215053,Pennsylvania College of Art and Design,PA,Private nonprofit,30083.0,43815.0,120332.0,400.0,0.6852,33301.0,27000.0,3.613465061109276,0.8107864628689829
161509,Maine College of Art & Design,ME,Private nonprofit,38338.0,60128.0,153352.0,415.0,0.5155,40778.0,27000.0,3.7606552552847123,0.662121732306636
163295,Maryland Institute College of Art,MD,Private nonprofit,42729.0,76860.0,170916.0,1189.0,0.7224,45212.0,26500.0,3.7803238078386268,0.5861275767495355
194578,Pratt Institute-Main,NY,Private nonprofit,52659.0,80049.0,210636.0,3910.0,0.7354,54295.0,26000.0,3.879473247997053,0.47886545722442214
201061,Art Academy of Cincinnati,OH,Private nonprofit,34253.0,53879.0,137012.0,205.0,0.4127,34368.0,27000.0,3.9866154562383613,0.7856145251396648
166911,Montserrat College of Art,MA,Private nonprofit,33216.0,58616.0,132864.0,226.0,0.5347,33022.0,27000.0,4.0234994851916905,0.8176367270304645
127653,Naropa University,CO,Private nonprofit,29179.0,53397.0,116716.0,339.0,0.3667,28720.0,24712.0,4.063927576601671,0.8604456824512535
209603,Pacific Northwest College of Art,OR,Private nonprofit,35785.0,70376.0,143140.0,420.0,0.2913,34883.0,25000.0,4.103431470917066,0.7166814780838804
140951,Savannah College of Art and Design,GA,Private nonprofit,49430.0,63627.0,197720.0,15243.0,0.6941,45954.0,25148.0,4.302563432998215,0.547242895068982
110370,California College of the Arts,CA,Private nonprofit,53909.0,79776.0,215636.0,990.0,0.6122,49414.0,27000.0,4.363864491844416,0.5464038531590237
193654,The New School,NY,Private nonprofit,58741.0,88284.0,234964.0,6563.0,0.6937,52901.0,22266.0,4.441579554261734,0.4208994158900588
111081,California Institute of the Arts,CA,Private nonprofit,46080.0,77560.0,184320.0,860.0,0.6667,41198.0,25000.0,4.474003592407398,0.6068255740569931
214148,Moore College of Art and Design,PA,Private nonprofit,43086.0,71327.0,172344.0,535.0,0.5714,37839.0,26000.0,4.5546658209783555,0.6871217526890245
192110,The Juilliard School,NY,Private nonprofit,43571.0,83892.0,174284.0,468.0,0.9256,37827.0,25500.0,4.607396832950009,0.6741216591323658
143048,School of the Art Institute of Chicago,IL,Private nonprofit,49790.0,75625.0,199160.0,2805.0,0.6699,40151.0,27000.0,4.960274962018381,0.6724614579960648
136774,Ringling College of Art and Design,FL,Private nonprofit,57742.0,80276.0,230968.0,1662.0,0.7207,43325.0,27000.0,5.331055972302366,0.6231967686093479
167057,The New England Conservatory of Music,MA,Private nonprofit,46754.0,81277.0,187016.0,393.0,0.7339,34483.0,27000.0,5.423426036017748,0.7829945190383667
164748,Berklee College of Music,MA,Private nonprofit,49465.0,72700.0,197860.0,7468.0,0.6731,33647.0,25000.0,5.880464825987458,0.7430082919725384
384254,Beacon College,FL,Private nonprofit,53517.0,70775.0,214068.0,506.0,0.6023,29420.0,25000.0,7.276274643099932,0.849762066621346
192712,Manhattan School of Music,NY,Private nonprofit,51754.0,77703.0,207016.0,539.0,0.7832,26878.0,26994.0,7.702061165265273,1.0043157973063472
